ENOTA,VLV_MID,VLV_ID,VLV_UIME,VLV_DJ,POV_KM2,D_OD,DV_OD,N8,C1,STATUS,CEN_E,CEN_N
LE,16598704,11402,VOLILNA ENOTA 2,,42.7,2018/10/15,2018/10/15,,,V,535861,131005
LE,17101790,21301,Volilna enota 1,,8.04,2014/08/11,2014/08/11,,,V,401507,49597
LE,17268627,1901,Volilna enota 1 (sedež Divača),,5.94,2014/08/08,2014/08/08,,,V,419778,60746
LE,17268635,1902,Volilna enota 2 (sedež Dolnje Ležeče),,24.79,2014/08/08,2014/08/08,,,V,420628,60266
LE,17268643,1903,Volilna enota 3 (sedež Dolnje Vreme),,54.38,2014/08/08,2014/08/08,,,V,426078,55996
LE,17268651,1904,Volilna enota 4 (sedež Senožeče),,59.98,2014/08/08,2014/08/08,,,V,422978,66266
LE,17368532,4101,Volilna enota 1,,30.77,2006/07/05,2006/07/05,,,V,424680,145788
LE,17368559,4102,Volilna enota 2,,2.68,2006/07/05,2006/07/05,,,V,426180,144688
LE,17368567,4103,Volilna enota 3,,5.85,2006/07/05,2006/07/05,,,V,428220,144718
LE,17368575,4104,Volilna enota 4,,36.59,2006/07/05,2006/07/05,,,V,429680,144328
LE,17591584,301,Volilna enota 1,,72.4,2006/07/05,2006/07/05,,,V,431130,138328
LE,17591592,20701,Volilna enota 1,,86.82,2006/07/05,2006/07/05,,,V,425149,139898
LE,17591606,20702,Volilna enota 2,,2.01,2006/07/05,2006/07/05,,,V,428339,138248
LE,17591614,20703,Volilna enota 3,,4.54,2006/07/05,2006/07/05,,,V,428759,138008
LE,17591622,20704,Volilna enota 4,,0.3,2006/07/05,2006/07/05,,,V,429020,138728
LE,17591649,20705,Volilna enota 5,,21.33,2006/07/05,2006/07/05,,,V,429470,138988
LE,17591657,20706,Volilna enota 6,,1.11,2006/07/05,2006/07/05,,,V,430150,139138
LE,17591665,401,Volilna enota 1,,333.84,2006/07/05,2006/07/05,,,V,419259,126588
LE,17591673,10201,Volilna enota 1,,118.64,2006/07/05,2006/07/05,,,V,435581,135823
LE,17704796,12201,Volilna enota 1,,20.16,2006/07/05,2006/07/05,,,V,450389,114427
LE,17704800,12202,Volilna enota 2,,72.21,2006/07/05,2006/07/05,,,V,441039,113487
LE,17704818,12203,Volilna enota 3,,45.9,2006/07/05,2006/07/05,,,V,438099,116687
LE,17704826,12204,Volilna enota 4,,7.76,2006/07/05,2006/07/05,,,V,447905,116149
LE,17846108,6801,Volilna enota 1,,74.83,2006/07/17,2006/07/20,,,V,475000,116956
LE,18143640,6603,Volilna enota 3,,18.73,2006/07/26,2006/07/26,,,V,470008,61116
LE,18143658,6604,Volilna enota 4,,81.15,2006/07/26,2006/07/26,,,V,475558,59056
LE,18143666,17902,Volilna enota 2,,5.7,2006/07/14,2006/07/26,,,V,468838,70896
LE,18143674,17903,Volilna enota 3,,9.04,2006/07/14,2006/07/26,,,V,468388,68086
LE,18143682,17904,Volilna enota 4,,11.73,2006/07/14,2006/07/26,,,V,469838,69346
LE,18143704,17905,Volilna enota 5,,6.82,2006/07/14,2006/07/26,,,V,474328,68486
LE,18143712,17906,Volilna enota 6,,0.78,2006/07/14,2006/07/26,,,V,474908,69186
LE,18143739,17907,Volilna enota 7,,6.33,2006/07/14,2006/07/26,,,V,472629,68647
LE,18247542,19402,Volilna enota 2,,4.42,2006/07/17,2006/07/20,,,V,488130,100487
LE,18247569,19403,Volilna enota 3,,48.55,2006/07/17,2006/07/20,,,V,480959,102266
LE,18804409,20801,VOLILNA ENOTA 1,,6.41,2015/04/03,2015/04/03,,,V,451959,98037
LE,18804417,20802,VOLILNA ENOTA 2,,4.63,2015/04/03,2015/04/03,,,V,451139,97157
LE,19032507,19802,Volilna enota 2,,6.23,2006/07/13,2006/07/13,,,V,553131,133952
LE,19032515,19803,Volilna enota 3,,2.1,2006/07/13,2006/07/13,,,V,551707,130998
LE,19032523,19804,Volilna enota 4,,20.91,2006/07/13,2006/07/13,,,V,551330,128084
LE,19129586,19502,volilna enota 2,,22.84,2006/08/21,2006/08/22,,,V,565812,175404
LE,19129594,2901,volilna enota 1,,27.01,2006/08/22,2006/08/22,,,V,574352,167883
LE,19347648,18802,volilna enota 2,,3.27,2010/08/19,2010/08/19,,,V,587352,161813
LE,19347656,18803,VOLILNA ENOTA 3,,4.29,2010/08/19,2010/08/19,,,V,589372,161003
LE,19347664,18804,volilna enota 4,,1.87,2010/08/19,2010/08/19,,,V,589193,160927
LE,19348008,16602,Volilna enota 2,,25.18,2010/08/19,2010/08/19,,,V,587391,158793
LE,19470393,15208,volilna enota 8,,2.61,2006/07/06,2006/07/07,,,V,579752,177353
LE,19811182,701,VOLILNA ENOTA 1,,46.07,2006/06/16,2006/06/16,,,V,385308,94218
LE,19811204,702,VOLILNA ENOTA 2,,25.91,2006/06/16,2006/06/16,,,V,388178,97218
LE,19812146,20101,Volilna enota 1,,16.08,2006/09/01,2006/09/01,,,V,399328,82777
LE,19812154,20102,Volilna enota 2,,13.4,2006/09/01,2006/09/01,,,V,396798,85387
LE,19897842,602,volilna enota 2,,290.23,2010/08/18,2010/08/18,,,V,383408,131508
LE,19897885,12802,Volilna enota 2,,96.58,2010/08/18,2010/08/18,,,V,400938,111918
LE,19897893,12803,Volilna enota 3,,95.01,2010/08/18,2010/08/18,,,V,402778,114458
LE,19897907,12804,Volilna enota 4,,145.37,2010/08/18,2010/08/18,,,V,409268,120158
LE,20020644,1701,Volilna enota 1,,22.49,2015/04/08,2015/04/08,,,V,515158,48225
LE,20020652,1703,Volilna enota 3,,173.38,2015/04/08,2015/04/08,,,V,519439,45099
LE,20020679,1702,Volilna enota 2,,143.82,2015/04/08,2015/04/08,,,V,511948,44735
LE,20148969,20602,Volilna enota 2,,8.73,2006/09/01,2006/09/01,,,V,518659,82075
LE,20148977,20603,Volilna enota 3,,2.02,2006/09/01,2006/09/01,,,V,519969,80125
LE,20148985,20604,Volilna enota 4,,5.74,2006/09/01,2006/09/01,,,V,519949,79435
LE,20148993,20605,Volilna enota 5,,8.92,2006/09/01,2006/09/01,,,V,518709,83575
LE,20230428,19901,Volilna enota 1,,8.32,2006/07/04,2006/07/04,,,V,513409,89095
LE,20230436,19902,Volilna enota 2,,4.81,2006/07/04,2006/07/04,,,V,510329,89615
LE,20230444,19903,Volilna enota 3,,3.33,2006/07/04,2006/07/04,,,V,511669,91855
LE,20230452,19904,Volilna enota 4,,6.19,2006/07/04,2006/07/04,,,V,509789,89485
LE,20230479,19905,Volilna enota 5,,2.58,2006/07/04,2006/07/04,,,V,509379,90955
LE,20230487,19906,Volilna enota 6,,14.44,2006/07/04,2006/07/04,,,V,511469,87185
LE,20230495,19907,Volilna enota 7,,5.18,2006/07/04,2006/07/04,,,V,510109,85275
LE,20230509,19908,Volilna enota 8,,17.18,2006/07/04,2006/07/04,,,V,510009,83455
LE,20230517,19909,Volilna enota 9,,11.45,2006/07/04,2006/07/04,,,V,513599,83885
LE,20230525,13001,Volilna enota 1,,67.92,2006/07/04,2006/07/04,,,V,498709,90115
LE,20230533,13002,Volilna enota 2,,67.86,2006/07/05,2006/07/05,,,V,495259,83365
LE,20230541,13003,Volilna enota 3,,27.51,2006/07/05,2006/07/05,,,V,498219,86515
LE,20230550,21101,Volilna enota 1,,6.2,2006/07/05,2006/07/05,,,V,510459,91505
LE,20230568,21102,Volilna enota 2,,8.08,2006/07/05,2006/07/05,,,V,506269,92465
LE,20230576,21103,Volilna enota 3,,6.89,2006/07/05,2006/07/05,,,V,506459,92295
LE,20230584,21104,Volilna enota 4,,27.92,2006/07/05,2006/07/05,,,V,504878,93739
LE,20235837,21204,Volilna enota 4,,4.43,2014/07/31,2014/08/01,,,V,502011,90385
LE,20235845,21207,Volilna enota 7,,6.09,2014/07/31,2014/08/01,,,V,501839,91345
LE,20235853,21202,Volilna enota 2,,1.59,2014/07/31,2014/08/01,,,V,505199,89875
LE,20235861,21203,Volilna enota 3,,5.15,2014/07/31,2014/08/01,,,V,503839,89885
LE,20235870,21205,Volilna enota 5,,7.38,2014/07/31,2014/08/01,,,V,506759,89335
LE,20235888,21206,Volilna enota 6,,4.27,2014/07/31,2014/08/01,,,V,506189,86535
LE,20235896,21201,Volilna enota 1,,2.36,2014/07/31,2014/08/01,,,V,504949,90255
LE,20456086,19701,Volilna enota 1,,2.56,2006/08/23,2006/08/23,,,V,533629,77175
LE,20456094,19702,Volilna enota 2,,14.12,2006/08/23,2006/08/23,,,V,535009,75965
LE,20456108,19703,Volilna enota 3,,17.97,2006/08/23,2006/08/23,,,V,530279,79515
LE,20456116,19704,Volilna enota 4,,3.28,2006/08/23,2006/08/23,,,V,533199,77775
LE,20456124,19705,Volilna enota 5,,4.28,2006/08/23,2006/08/23,,,V,531429,78925
LE,20456132,19706,Volilna enota 6,,5.41,2006/08/23,2006/08/23,,,V,531889,76795
LE,20456159,19707,Volilna enota 7,,10.71,2006/08/23,2006/08/23,,,V,531765,76706
LE,20790717,17702,VOLILNA ENOTA 2,,10.71,2006/06/16,2006/06/16,,,V,522242,154805
LE,20790725,17703,VOLILNA ENOTA 3,,19.72,2006/06/16,2006/06/16,,,V,520611,154665
LE,20790733,14104,VOLILNA ENOTA 4,,1.59,2006/06/20,2006/06/20,,,V,512262,161686
LE,20790741,14105,VOLILNA ENOTA 5,,0.2,2006/06/20,2006/06/20,,,V,512702,161126
LE,20790814,9302,VOLILNA ENOTA 2,,9.99,2006/06/21,2006/06/21,,,V,524262,161915
LE,20790822,9303,VOLILNA ENOTA 3,,24.02,2006/06/21,2006/06/21,,,V,525222,156853
LE,20790849,9304,VOLILNA ENOTA 4,,30.58,2006/06/21,2006/06/21,,,V,527302,167245
LE,20790857,9305,VOLILNA ENOTA 5,,27.24,2006/06/21,2006/06/21,,,V,529767,162080
LE,20797177,17704,VOLILNA ENOTA 4,,7.31,2010/08/26,2010/08/26,,,V,520122,156715
LE,20797754,8103,volilna enota 3,,1.57,2010/11/30,2010/11/30,,,V,512682,163576
LE,20797762,8104,volilna enota 4,,4.64,2010/11/30,2010/11/30,,,V,509551,162856
LE,20797789,8105,volilna enota 5,,28.88,2010/11/30,2010/11/30,,,V,510852,163806
LE,20886048,20201,Volilna enota 1,,4.11,2010/08/19,2010/08/19,,,V,599017,139221
LE,20886218,20202,volilna enota 2,,7.35,2010/08/19,2010/08/19,,,V,597731,141663
LE,20886226,20203,Volilna enota 3,,8.01,2010/08/19,2010/08/19,,,V,594401,140813
LE,20886234,20204,Volilna enota 4,,5.23,2010/08/19,2010/08/19,,,V,596551,140583
LE,20886242,20205,Volilna enota 5,,5.82,2010/08/19,2010/08/19,,,V,594081,143213
LE,20886269,20206,Volilna enota 6,,2.26,2010/08/19,2010/08/19,,,V,597561,142343
LE,20886277,20501,Volilna enota 1,,6.07,2010/08/19,2010/08/19,,,V,578311,150583
LE,20886285,20502,Volilna enota 2,,4.03,2010/08/19,2010/08/19,,,V,580011,151763
LE,20886293,20503,Volilna enota 3,,5.87,2010/08/19,2010/08/19,,,V,580251,148933
LE,20886307,20504,Volilna enota 4,,0.56,2010/08/19,2010/08/19,,,V,582901,149863
LE,20886323,20505,Volilna enota 5,,5.99,2010/08/19,2010/08/19,,,V,581901,148953
LE,20886331,20506,Volilna enota 6,,3.49,2010/08/19,2010/08/19,,,V,580771,146763
LE,20886340,20507,Volilna enota 7,,4.58,2010/08/19,2010/08/19,,,V,585111,150483
LE,20886358,20508,Volilna enota 8,,7.31,2010/08/19,2010/08/19,,,V,581571,145953
LE,20886374,8701,Volilna enota 1,,61.68,2010/08/19,2010/08/19,,,V,596439,143158
LE,20886382,8702,Volilna enota 2,,36.87,2010/08/19,2010/08/19,,,V,592051,140493
LE,20886404,8703,Volilna enota 3,,43.22,2010/08/19,2010/08/19,,,V,578981,144753
LE,21036005,1801,volilna enota 1,,5.87,2006/07/07,2006/07/13,,,V,567501,149564
LE,21036013,1802,volilna enota 2,,3.91,2006/07/07,2006/07/13,,,V,566201,150654
LE,21036021,1803,volilna enota 3,,10.87,2006/07/07,2006/07/13,,,V,565551,151724
LE,21036030,1804,volilna enota 4,,13.7,2006/07/07,2006/07/13,,,V,568351,151094
LE,21036277,2801,Volilna enota 1,,3.18,2010/08/19,2010/08/19,,,V,580348,140540
LE,21036285,2802,Volilna enota 2,,7.07,2010/08/19,2010/08/19,,,V,579051,140784
LE,21036293,2803,Volilna enota 3,,3.61,2010/08/19,2010/08/19,,,V,576721,138774
LE,21036366,2804,Volilna enota 4,,1.86,2010/08/19,2010/08/19,,,V,575371,140884
LE,21036374,2805,Volilna enota 5,,3.29,2010/08/19,2010/08/19,,,V,577342,141538
LE,21036404,19601,Volilna enota 1,,7.62,2010/08/19,2010/08/19,,,V,576521,134244
LE,21036412,2806,Volilna enota 6,,4.65,2010/08/19,2010/08/19,,,V,576391,142264
LE,21036439,2807,Volilna enota 7,,5.48,2010/08/19,2010/08/19,,,V,576901,144214
LE,21036455,19602,Volilna enota 2,,7.1,2010/08/19,2010/08/19,,,V,574811,135804
LE,21036463,19603,Volilna enota 3,,7.4,2010/08/19,2010/08/19,,,V,574661,133944
LE,21036471,19604,Volilna enota 4,,9.99,2010/08/19,2010/08/19,,,V,577991,135364
LE,21037044,16802,Volilna enota 2,,0.64,2010/08/19,2010/08/19,,,V,574313,139211
LE,21037052,16809,Volilna enota 9,,5.63,2010/08/19,2010/08/19,,,V,569974,140825
LE,21107697,19801,Volilna enota  1,,7.66,2006/05/31,2006/05/31,,,V,549631,132085
LE,21108502,6704,Volilna enota 4,,38.91,2006/07/06,2006/07/06,6704,,V,478600,134756
LE,21108529,20901,Volilna enota 1,,14.62,2006/07/05,2006/07/05,20901,,V,493850,133786
LE,21108537,20903,Volilna enota 3,,7.01,2006/07/05,2006/07/05,20903,,V,490910,130736
LE,21108545,20904,Volilna enota 4,,1.82,2006/07/05,2006/07/05,20904,,V,492910,130706
LE,21108553,20905,Volilna enota 5,,3.13,2006/07/05,2006/07/05,20905,,V,493390,129846
LE,21108561,20906,Volilna enota 6,,1.33,2006/07/05,2006/07/05,20906,,V,494680,130696
LE,21108570,3003,Volilna enota 3,,15.34,2006/07/06,2006/07/06,3003,,V,483330,129416
LE,21108588,6706,Volilna enota 6,,9.99,2006/07/06,2006/07/06,6706,,V,480631,136487
LE,21108596,6707,Volilna enota 7,,13.62,2006/07/06,2006/07/06,6707,,V,481950,138806
LE,21108618,6202,Volilna enota 2,,1.21,2006/08/18,2006/08/18,,,V,487740,133076
LE,21114375,6207,Volilna enota 7,,3.44,2018/06/28,2018/06/28,,,V,489960,131446
LE,21227447,18402,VOLILNA ENOTA 2,,1.3,2006/08/09,2006/08/09,,,V,501580,122296
LE,21227455,18403,VOLILNA ENOTA 3,,3.15,2006/08/09,2006/08/09,,,V,501540,123046
LE,21227463,18902,VOLILNA ENOTA 2,,2.16,2018/11/02,2018/11/02,,,V,498450,123286
LE,21227471,18903,VOLILNA ENOTA 3,,2.3,2006/08/09,2006/08/09,,,V,497320,123186
LE,21227480,18904,VOLILNA ENOTA 4,,3.09,2006/08/09,2006/08/09,,,V,496280,122876
LE,21227498,18905,VOLILNA ENOTA 5,,8.56,2006/08/09,2006/08/09,,,V,495840,120696
LE,21227501,18906,VOLILNA ENOTA 6,,12.88,2006/08/09,2006/08/09,,,V,494030,117346
LE,21227510,18907,VOLILNA ENOTA 7,,9.89,2006/08/09,2006/08/09,,,V,493607,123533
LE,21227528,18908,VOLILNA ENOTA 8,,3.89,2006/08/09,2006/08/09,,,V,498660,124336
LE,21227536,18909,VOLILNA ENOTA 9,,7.98,2006/08/09,2006/08/09,,,V,496110,123976
LE,21235997,18404,VOLILNA ENOTA 4,,1.29,2010/06/17,2010/06/17,,,V,500070,122686
LE,21236004,18405,VOLILNA ENOTA 5,,12.79,2010/06/17,2010/06/17,,,V,502630,120486
LE,21236012,18406,VOLILNA ENOTA 6,,6.25,2010/06/17,2010/06/17,,,V,500630,120306
LE,21236039,18407,VOLILNA ENOTA 7,,7.56,2010/06/17,2010/06/17,,,V,498220,119816
LE,21433691,13601,Volilna enota  1,,49.27,2006/05/31,2006/05/31,,,V,419408,79157
LE,21433705,13602,Volilna enota  2,,29.96,2006/05/31,2006/05/31,,,V,417438,76977
LE,21433713,13603,Volilna enota  3,,28.11,2006/05/31,2006/05/31,,,V,418298,74567
LE,21433721,13701,Volilna enota  1,,3.61,2006/05/31,2006/05/31,,,V,522901,138365
LE,21433730,13702,Volilna enota  2,,4.77,2006/05/31,2006/05/31,,,V,522851,137925
LE,21433748,13703,Volilna enota  3,,11.01,2006/05/31,2006/05/31,,,V,524451,139515
LE,21433756,13704,Volilna enota  4,,6.82,2006/05/31,2006/05/31,,,V,524721,140665
LE,21433764,13705,Volilna enota  5,,8.95,2006/05/31,2006/05/31,,,V,520601,138665
LE,21433772,13706,Volilna enota  6,,17.35,2006/05/31,2006/05/31,,,V,522951,144075
LE,21433799,13707,Volilna enota  7,,6.81,2006/05/31,2006/05/31,,,V,522331,139585
LE,21433802,13801,Volilna enota  1,,6.06,2006/05/31,2006/05/31,,,V,461029,116417
LE,21433837,14001,Volilna enota  1,,18.92,2006/05/31,2006/05/31,,,V,445259,91637
LE,21433845,14002,Volilna enota  2,,96.78,2006/05/31,2006/05/31,,,V,448809,92647
LE,21433853,14101,Volilna enota  1,,17.83,2006/05/31,2006/05/31,,,V,511531,156326
LE,21433861,14102,Volilna enota  2,,10.09,2006/05/31,2006/05/31,,,V,513672,162976
LE,21433870,14103,Volilna enota  3,,1.11,2006/05/31,2006/05/31,,,V,512752,162366
LE,21433888,14106,Volilna enota  6,,19.26,2006/05/31,2006/05/31,,,V,512841,159216
LE,21433896,14201,Volilna enota  1,,147.16,2006/05/31,2006/05/31,,,V,499260,111116
LE,21433900,14301,Volilna enota  1,,19.25,2006/05/31,2006/05/31,,,V,580571,138944
LE,21433918,14401,Volilna enota  1,,67,2006/05/31,2006/05/31,,,V,530411,135735
LE,21433985,14601,Volilna enota  1,,11.61,2006/05/31,2006/05/31,,,V,435131,120175
LE,21433993,14602,Volilna enota  2,,23.88,2006/05/31,2006/05/31,,,V,436122,120961
LE,21434019,14603,Volilna enota  3,,128.32,2006/05/31,2006/05/31,,,V,430639,118927
LE,21434027,14701,Volilna enota  1,,49.23,2006/05/31,2006/05/31,,,V,430989,101077
LE,21434035,14801,Volilna enota  1,,5.17,2006/05/31,2006/05/31,,,V,566872,164774
LE,21434043,14802,Volilna enota  2,,11.78,2006/05/31,2006/05/31,,,V,567552,166804
LE,21434051,14803,Volilna enota  3,,7.2,2006/05/31,2006/05/31,,,V,569312,162544
LE,21434060,14901,Volilna enota  1,,31.13,2006/05/31,2006/05/31,,,V,551330,102194
LE,21434078,15001,Volilna enota  1,,75.08,2006/05/31,2006/05/31,,,V,461608,70416
LE,21434086,15101,Volilna enota  1,,11.44,2006/05/31,2006/05/31,,,V,501760,130536
LE,21434094,15102,Volilna enota  2,,30.91,2006/05/31,2006/05/31,,,V,502970,127636
LE,21434108,15103,Volilna enota  3,,12.65,2006/05/31,2006/05/31,,,V,504160,124756
LE,21434116,15201,Volilna enota  1,,3.61,2006/05/31,2006/05/31,,,V,577812,176023
LE,21434124,15202,Volilna enota  2,,3.46,2006/05/31,2006/05/31,,,V,579732,178113
LE,21434132,15203,Volilna enota  3,,5.7,2006/05/31,2006/05/31,,,V,577132,180223
LE,21434159,15204,Volilna enota  4,,1.59,2006/05/31,2006/05/31,,,V,578112,178013
LE,21434167,15205,Volilna enota  5,,5.17,2006/05/31,2006/05/31,,,V,576742,177023
LE,21434175,15206,Volilna enota  6,,3.39,2006/05/31,2006/05/31,,,V,579092,179683
LE,21434183,15207,Volilna enota  7,,5.01,2006/05/31,2006/05/31,,,V,580202,174663
LE,21434191,15301,Volilna enota  1,,6.76,2006/05/31,2006/05/31,,,V,572282,158914
LE,21434205,15302,Volilna enota  2,,8.97,2006/05/31,2006/05/31,,,V,571142,157944
LE,21434213,15303,Volilna enota  3,,5.24,2006/05/31,2006/05/31,,,V,572892,159304
LE,21434221,15304,Volilna enota  4,,3.53,2006/05/31,2006/05/31,,,V,573201,155904
LE,21434230,15401,Volilna enota  1,,17.46,2006/05/31,2006/05/31,,,V,530480,110865
LE,21434256,15601,Volilna enota  1,,5.08,2006/05/31,2006/05/31,,,V,605242,167912
LE,21434264,15602,Volilna enota  2,,6.95,2006/05/31,2006/05/31,,,V,600982,169823
LE,21434272,15603,Volilna enota  3,,7.29,2006/05/31,2006/05/31,,,V,603482,168052
LE,21434299,15604,Volilna enota  4,,11.81,2006/05/31,2006/05/31,,,V,603172,168873
LE,21434302,15701,Volilna enota  1,,110.16,2006/05/31,2006/05/31,,,V,504539,68295
LE,21434329,15801,Volilna enota  1,,9.42,2006/05/31,2006/05/31,,,V,583843,184823
LE,21434337,15802,Volilna enota  2,,5.53,2006/05/31,2006/05/31,,,V,580872,183833
LE,21434345,15803,Volilna enota  3,,7.21,2006/05/31,2006/05/31,,,V,585173,186313
LE,21434353,15804,Volilna enota  4,,3.11,2006/05/31,2006/05/31,,,V,585772,183703
LE,21434361,15805,Volilna enota  5,,3.49,2006/05/31,2006/05/31,,,V,583252,182103
LE,21434370,15806,Volilna enota  6,,3.51,2006/05/31,2006/05/31,,,V,581002,182533
LE,21434388,15807,Volilna enota  7,,4.86,2006/05/31,2006/05/31,,,V,584652,183533
LE,21434396,15901,Volilna enota  1,,9.59,2006/05/31,2006/05/31,,,V,564471,141004
LE,21434400,15902,Volilna enota  2,,12.19,2006/05/31,2006/05/31,,,V,564041,142554
LE,21434418,16001,Volilna enota  1,,37.57,2006/05/31,2006/05/31,,,V,549671,151305
LE,21434426,16002,Volilna enota  2,,16.11,2006/05/31,2006/05/31,,,V,548050,149476
LE,21434434,16101,Volilna enota  1,,18.1,2006/05/31,2006/05/31,,,V,601163,187762
LE,21434469,16201,Volilna enota  1,,4.59,2006/05/31,2006/05/31,,,V,445659,98367
LE,21434477,16301,Volilna enota  1,,68.73,2006/05/31,2006/05/31,,,V,461290,139607
LE,21434485,16401,Volilna enota  1,,15.82,2006/05/31,2006/05/31,,,V,464430,118717
LE,21434493,16402,Volilna enota  2,,8.23,2006/05/31,2006/05/31,,,V,465060,117587
LE,21434507,16501,Volilna enota  1,,56.11,2006/05/31,2006/05/31,,,V,490808,37465
LE,21434515,16601,Volilna enota  1,,21.12,2006/05/31,2006/05/31,,,V,587291,157343
LE,21434531,16701,Volilna enota  1,,84.24,2006/05/31,2006/05/31,,,V,529482,155455
LE,21434540,16801,Volilna enota  1,,6.54,2006/05/31,2006/05/31,,,V,573661,138334
LE,21434558,16803,Volilna enota  3,,4.72,2006/05/31,2006/05/31,,,V,574884,138466
LE,21434566,16804,Volilna enota  4,,2.21,2006/05/31,2006/05/31,,,V,574381,142174
LE,21434574,16805,Volilna enota  5,,3.61,2006/05/31,2006/05/31,,,V,573501,141104
LE,21434582,16806,Volilna enota  6,,1.64,2006/05/31,2006/05/31,,,V,571621,139944
LE,21434604,16807,Volilna enota  7,,2.78,2006/05/31,2006/05/31,,,V,571897,139065
LE,21434612,16808,Volilna enota  8,,2.04,2006/05/31,2006/05/31,,,V,570295,140950
LE,21434639,16901,Volilna enota  1,,4.96,2006/05/31,2006/05/31,,,V,553672,152024
LE,21434647,16902,Volilna enota  2,,7.54,2006/05/31,2006/05/31,,,V,553191,150114
LE,21434655,17001,Volilna enota  1,,16.77,2006/05/31,2006/05/31,,,V,506799,79795
LE,21434663,17002,Volilna enota  2,,14.35,2006/05/31,2006/05/31,,,V,507129,80755
LE,21434671,17003,Volilna enota  3,,6.03,2006/05/31,2006/05/31,,,V,507889,78525
LE,21434680,17004,Volilna enota  4,,5.54,2006/05/31,2006/05/31,,,V,503299,79225
LE,21434698,17005,Volilna enota  5,,5.37,2006/05/31,2006/05/31,,,V,504949,81105
LE,21434701,17101,Volilna enota  1,,3.6,2006/05/31,2006/05/31,,,V,534401,138852
LE,21434710,17103,Volilna enota  3,,17.02,2006/06/06,2006/06/06,,,V,533501,140265
LE,21434728,17102,Volilna enota  2,,12.6,2006/06/06,2006/06/06,,,V,536721,137375
LE,21434744,17201,Volilna enota  1,,46,2006/05/31,2006/05/31,,,V,566329,130237
LE,21434752,17301,Volilna enota  1,,33.46,2006/05/31,2006/05/31,,,V,505700,126796
LE,21434779,17401,Volilna enota  1,,40.58,2006/05/31,2006/05/31,,,V,507090,121925
LE,21434787,17501,Volilna enota  1,,58.08,2006/05/31,2006/05/31,,,V,493241,156016
LE,21434795,17601,Volilna enota  1,,9.88,2006/05/31,2006/05/31,,,V,598841,153979
LE,21434809,17701,Volilna enota  1,,21.78,2006/05/31,2006/05/31,,,V,517311,155556
LE,21434817,17801,Volilna enota  1,,64.45,2006/05/31,2006/05/31,,,V,537931,156985
LE,21434825,17901,Volilna enota  1,,8.95,2006/05/31,2006/05/31,,,V,466488,72066
LE,21434833,18001,Volilna enota  1,,102.31,2006/05/31,2006/05/31,,,V,476310,142317
LE,21434841,18101,Volilna enota  1,,6.45,2006/05/31,2006/05/31,,,V,562292,172744
LE,21434850,18201,Volilna enota  1,,17.65,2006/05/31,2006/05/31,,,V,571701,154324
LE,21434868,18301,Volilna enota  1,,14.99,2006/05/31,2006/05/31,,,V,394368,88517
LE,21434876,18401,Volilna enota  1,,2.36,2006/05/31,2006/05/31,,,V,501340,121526
LE,21434884,18501,Volilna enota  1,,22.91,2006/05/31,2006/05/31,,,V,568881,154104
LE,21434892,18601,Volilna enota  1,,8.61,2006/05/31,2006/05/31,,,V,466399,110806
LE,21434906,18701,Volilna enota  1,,18.68,2006/05/31,2006/05/31,,,V,603262,160023
LE,21434914,18801,Volilna enota  1,,2.59,2006/05/31,2006/05/31,,,V,589252,159633
LE,21434922,18901,Volilna enota  1,,2.4,2006/05/31,2006/05/31,,,V,499200,123436
LE,21434949,19001,Volilna enota  1,,117.1,2006/05/31,2006/05/31,,,V,512640,123485
LE,21434957,19101,Volilna enota  1,,38.08,2006/05/31,2006/05/31,,,V,561401,126594
LE,21434965,19201,Volilna enota  1,,42.56,2006/05/31,2006/05/31,,,V,433720,140858
LE,21434973,19301,Volilna enota  1,,164.22,2006/05/31,2006/05/31,,,V,494839,76875
LE,21434981,19401,Volilna enota  1,,41.97,2006/05/31,2006/05/31,,,V,489749,98166
LE,21434990,19501,Volilna enota  1,,30.62,2006/05/31,2006/05/31,,,V,569682,173414
LE,23780798,1102,Volilna enota 2,,6.75,2006/06/21,2006/06/26,,,V,521140,121295
LE,23780801,1103,Volilna enota 3,,32.21,2006/06/21,2006/06/26,,,V,518800,121935
LE,23780887,15501,Volilna enota 1,,1.59,2006/06/09,2006/06/12,,,V,517650,133175
LE,23780895,15502,Volilna enota 2,,3.13,2006/06/09,2006/06/12,,,V,516220,132955
LE,23780909,15503,Volilna enota 3,,3.99,2006/06/09,2006/06/12,,,V,517490,132055
LE,23780917,15504,Volilna enota 4,,2.59,2006/06/09,2006/06/12,,,V,517632,134146
LE,23780925,15505,Volilna enota 5,,7.75,2006/06/09,2006/06/12,,,V,518551,134165
LE,23780933,15506,Volilna enota 6,,1.27,2006/06/09,2006/06/12,,,V,518460,133295
LE,23780941,15507,Volilna enota 7,,11.34,2006/06/09,2006/06/12,,,V,516801,135935
LE,23780968,12701,Volilna enota 1,,28.18,2006/06/12,2006/06/13,,,V,524010,120285
LE,23780984,13901,Volilna enota 1,,44.73,2006/06/13,2006/06/15,,,V,523490,131785
LE,23781026,13902,Volilna enota 2,,30.61,2006/06/13,2006/06/15,,,V,523510,128215
LE,23784971,9902,Volilna enota 2,,28.69,2014/08/11,2014/08/11,,,V,515740,99035
LE,24000427,18102,Volilna enota 2,,14.68,2006/06/05,2006/06/05,,,V,565462,169444
LE,24000435,18103,Volilna enota 3,,10.15,2006/06/05,2006/06/05,,,V,562802,166794
LE,24000443,18104,Volilna enota 4,,5.9,2006/06/05,2006/06/05,,,V,565262,167004
LE,24000931,20403,Volilna enota 3,,4.37,2010/08/04,2010/08/04,,,V,566782,161764
LE,24000940,20402,Volilna enota 2,,5.95,2010/08/04,2010/08/04,,,V,569432,160864
LE,24000958,20404,Volilna enota 4,,4.19,2006/06/23,2006/06/23,,,V,566622,156734
LE,24000966,20406,Volilna enota 6,,1.8,2010/08/04,2010/08/04,,,V,567271,158526
LE,24000974,20405,Volilna enota 5,,4.37,2010/08/04,2010/08/04,,,V,568082,157644
LE,24001008,21001,Volilna enota 1,,9.57,2006/07/13,2006/07/13,,,V,559722,163524
LE,24001024,21002,Volilna enota 2,,8.19,2006/07/13,2006/07/13,,,V,559282,161444
LE,24001032,21003,Volilne enota 3,,8.06,2006/07/13,2006/07/13,,,V,560802,165034
LE,24012301,7101,Volilna enota 1,,27.05,2010/09/10,2010/09/10,,,V,456419,113957
LE,24012310,7103,Volilna enota 3,,46.57,2006/07/20,2006/07/24,,,V,450959,108537
LE,24012328,13802,Volilna enota 2,,13.99,2006/07/20,2006/07/24,,,V,459929,114707
LE,24012336,13803,Volilna enota 3,,11.31,2006/07/20,2006/07/24,,,V,461979,113007
LE,24012344,16202,Volilna enota 2,,4.39,2006/07/20,2006/07/24,,,V,444919,99467
LE,24012352,16203,Volilna enota 3,,1.76,2006/07/20,2006/07/24,,,V,447439,97537
LE,24012379,16204,Volilna enota 4,,0.85,2006/07/20,2006/07/24,,,V,444929,98257
LE,24012387,16205,Volilna enota 5,,2.23,2006/07/20,2006/07/24,,,V,447939,98757
LE,24012395,16206,Volilna enota 6,,5.19,2006/07/20,2006/07/24,,,V,441899,99157
LE,24012409,16207,Volilna enota 7,,5.72,2006/07/20,2006/07/24,,,V,443969,97887
LE,24012417,16208,Volilna enota 8,,2.87,2006/07/20,2006/07/24,,,V,446959,98437
LE,24012425,16209,Volilna enota 9,,4.85,2006/07/20,2006/07/24,,,V,442399,96777
LE,24058441,101,Volilna enota  1,,8.09,2006/05/31,2006/05/31,,,V,414738,83647
LE,24058450,102,Volilna enota  2,,12.27,2006/05/31,2006/05/31,,,V,415338,83687
LE,24058468,103,Volilna enota  3,,118.19,2006/05/31,2006/05/31,,,V,417228,86637
LE,24058476,104,Volilna enota  4,,41.18,2006/05/31,2006/05/31,,,V,411359,82488
LE,24058484,105,Volilna enota  5,,65.73,2006/05/31,2006/05/31,,,V,408448,86147
LE,24058492,201,Volilna enota  1,,17.78,2006/05/31,2006/05/31,,,V,594442,163669
LE,24058506,202,Volilna enota  2,,20.69,2006/05/31,2006/05/31,,,V,590192,163143
LE,24058514,203,Volilna enota  3,,23.84,2006/05/31,2006/05/31,,,V,595542,165893
LE,24058816,501,Volilna enota  1,,5.62,2006/05/31,2006/05/31,,,V,450679,86657
LE,24058824,502,Volilna enota  2,,36.72,2006/05/31,2006/05/31,,,V,450659,88067
LE,24058832,601,Volilna enota  1,,77.25,2010/08/18,2010/08/18,,,V,388448,134028
LE,24058875,801,Volilna enota  1,,91.17,2006/05/31,2006/05/31,,,V,454229,97657
LE,24058883,901,Volilna enota  1,,23.6,2006/05/31,2006/05/31,,,V,545949,85164
LE,24058891,902,Volilna enota  2,,91.71,2006/05/31,2006/05/31,,,V,544439,83905
LE,24058905,903,Volilna enota  3,,61.61,2006/05/31,2006/05/31,,,V,550659,83694
LE,24058913,904,Volilna enota  4,,91.07,2006/05/31,2006/05/31,,,V,544389,89205
LE,24058921,1001,Volilna enota  1,,19.24,2006/05/31,2006/05/31,,,V,580662,168523
LE,24058930,1002,Volilna enota  2,,19.56,2006/05/31,2006/05/31,,,V,580412,172443
LE,24058948,1101,Volilna enota 1,,55.93,2006/06/21,2006/06/26,,,V,517650,125825
LE,24058956,1201,Volilna enota  1,,77.99,2006/05/31,2006/05/31,,,V,460330,123357
LE,24058964,1301,Volilna enota  1,,53.8,2006/05/31,2006/05/31,,,V,450098,73146
LE,24058972,1302,Volilna enota  2,,42.56,2006/05/31,2006/05/31,,,V,447896,74641
LE,24058999,1303,Volilna enota  3,,144.56,2006/05/31,2006/05/31,,,V,453328,65066
LE,24059006,1401,Volilna enota  1,,72.94,2006/05/31,2006/05/31,,,V,419189,109657
LE,24059014,1402,Volilna enota  2,,58.73,2006/05/31,2006/05/31,,,V,422069,110327
LE,24059022,1501,Volilna enota  1,,17.11,2006/05/31,2006/05/31,,,V,599161,160263
LE,24059049,1502,Volilna enota  2,,16.54,2006/05/31,2006/05/31,,,V,600011,157203
LE,24059057,1601,Volilna enota  1,,155.87,2006/05/31,2006/05/31,,,V,488401,147796
LE,24059138,2001,Volilna enota  1,,103.15,2006/05/31,2006/05/31,,,V,476269,78776
LE,24059146,2101,Volilna enota  1,,117.59,2006/05/31,2006/05/31,,,V,454689,101667
LE,24059154,2201,Volilna enota  1,,33.34,2006/05/31,2006/05/31,,,V,474429,106156
LE,24059219,2301,Volilna enota  1,,72.27,2006/05/31,2006/05/31,,,V,471269,113426
LE,24059359,2401,Volilna enota  1,,2.69,2006/05/31,2006/05/31,,,V,573625,144287
LE,24059367,2402,Volilna enota  2,,3.02,2006/05/31,2006/05/31,,,V,572916,143799
LE,24059375,2403,Volilna enota  3,,2.85,2006/05/31,2006/05/31,,,V,574831,143444
LE,24059383,2404,Volilna enota  4,,11.6,2006/05/31,2006/05/31,,,V,577831,144663
LE,24059391,2405,Volilna enota  5,,8.26,2006/05/31,2006/05/31,,,V,575371,144984
LE,24059405,2501,Volilna enota  1,,104.97,2006/05/31,2006/05/31,,,V,502141,161466
LE,24059413,2601,Volilna enota  1,,39.8,2006/05/31,2006/05/31,,,V,557310,152005
LE,24059421,2701,Volilna enota  1,,52.48,2006/05/31,2006/05/31,,,V,433689,109997
LE,24059430,2702,Volilna enota  2,,63.85,2006/05/31,2006/05/31,,,V,432849,109117
LE,24059448,2703,Volilna enota  3,,36.97,2006/05/31,2006/05/31,,,V,433909,107807
LE,24059464,2902,Volilna enota  2,,8.77,2006/05/31,2006/05/31,,,V,575452,170903
LE,24059472,2903,Volilna enota  3,,38.79,2006/05/31,2006/05/31,,,V,573702,165634
LE,24059499,3001,Volilna enota  1,,10.94,2006/05/31,2006/05/31,,,V,484990,128506
LE,24059502,3002,Volilna enota  2,,11.28,2006/05/31,2006/05/31,,,V,485340,131276
LE,24059529,3004,Volilna enota  4,,18.69,2006/05/31,2006/05/31,,,V,487710,127836
LE,24059537,3005,Volilna enota  5,,33.81,2006/05/31,2006/05/31,,,V,482760,126646
LE,24059545,3101,Volilna enota  1,,32.22,2006/05/31,2006/05/31,,,V,592902,185763
LE,24059553,3102,Volilna enota  2,,34.62,2006/05/31,2006/05/31,,,V,590502,185373
LE,24059561,3201,Volilna enota  1,,133.83,2006/05/31,2006/05/31,,,V,473349,90646
LE,24059570,3301,Volilna enota  1,,23.51,2006/05/31,2006/05/31,,,V,595803,191903
LE,24059588,3302,Volilna enota  2,,23.09,2006/05/31,2006/05/31,,,V,598783,188043
LE,24059596,3303,Volilna enota  3,,11.58,2006/05/31,2006/05/31,,,V,598312,183523
LE,24059600,3401,Volilna enota  1,,58.58,2006/05/31,2006/05/31,,,V,506650,112015
LE,24059626,3501,Volilna enota  1,,194.75,2006/05/31,2006/05/31,,,V,417918,52006
LE,24059693,3601,Volilna enota  1,,106.45,2006/05/31,2006/05/31,,,V,424258,96187
LE,24059707,3602,Volilna enota  2,,53.58,2006/05/31,2006/05/31,,,V,420108,99597
LE,24059715,3603,Volilna enota  3,,133.44,2006/05/31,2006/05/31,,,V,426359,102787
LE,24059723,3701,Volilna enota  1,,98.52,2006/05/31,2006/05/31,,,V,463399,91346
LE,24059731,3801,Volilna enota  1,,479.89,2006/05/31,2006/05/31,,,V,441668,47826
LE,24059740,3901,Volilna enota  1,,88.97,2006/05/31,2006/05/31,,,V,484719,88636
LE,24059758,3902,Volilna enota  2,,61.59,2006/05/31,2006/05/31,,,V,487259,90966
LE,24059766,3903,Volilna enota  3,,76.46,2006/05/31,2006/05/31,,,V,484250,82487
LE,24059774,4001,Volilna enota  1,,28.5,2006/05/31,2006/05/31,,,V,395487,45087
LE,24059839,4201,Volilna enota  1,,10.99,2006/05/31,2006/05/31,,,V,575901,148103
LE,24059847,4202,Volilna enota  2,,8.78,2006/05/31,2006/05/31,,,V,573351,148414
LE,24059855,4203,Volilna enota  3,,9.41,2006/05/31,2006/05/31,,,V,574551,149973
LE,24059863,4204,Volilna enota  4,,7.02,2006/05/31,2006/05/31,,,V,574841,152683
LE,24059871,4301,Volilna enota  1,,117.11,2006/05/31,2006/05/31,,,V,471120,121357
LE,24059880,4302,Volilna enota  2,,123.9,2006/05/31,2006/05/31,,,V,468280,121627
LE,24059898,4303,Volilna enota  3,,8.85,2006/05/31,2006/05/31,,,V,469050,119217
LE,24059901,4304,Volilna enota  4,,15.76,2006/05/31,2006/05/31,,,V,469980,120777
LE,24059910,4401,Volilna enota  1,,38.47,2006/05/31,2006/05/31,,,V,393538,103638
LE,24059928,4402,Volilna enota  2,,23.07,2006/05/31,2006/05/31,,,V,394418,106258
LE,24059936,4403,Volilna enota  3,,84.94,2006/05/31,2006/05/31,,,V,397748,107808
LE,24059944,4501,Volilna enota  1,,24.43,2006/05/31,2006/05/31,,,V,561379,141010
LE,24059952,4502,Volilna enota  2,,46.98,2006/05/31,2006/05/31,,,V,560411,137144
LE,24059979,4601,Volilna enota  1,,192.55,2010/08/18,2010/08/18,,,V,390348,123948
LE,24059987,4701,Volilna enota  1,,19.73,2006/05/31,2006/05/31,,,V,606732,172512
LE,24059995,4801,Volilna enota  1,,555.64,2006/05/31,2006/05/31,,,V,489038,55906
LE,24060004,4901,Volilna enota  1,,102.63,2006/05/31,2006/05/31,,,V,402918,75877
LE,24060012,5001,Volilna enota  1,,303.5,2006/05/31,2006/05/31,,,V,400787,45967
LE,24060039,5101,Volilna enota  1,,29.33,2006/05/31,2006/05/31,,,V,541160,106155
LE,24060047,5102,Volilna enota  2,,23.55,2006/05/31,2006/05/31,,,V,543690,103614
LE,24060055,5103,Volilna enota  3,,36.87,2006/05/31,2006/05/31,,,V,542810,108164
LE,24060063,5201,Volilna enota  1,,150.9,2006/05/31,2006/05/31,,,V,450319,122857
LE,24060071,5301,Volilna enota  1,,256.43,2006/05/31,2006/05/31,,,V,406879,150238
LE,24060080,5401,Volilna enota  1,,54.01,2006/05/31,2006/05/31,,,V,536050,96785
LE,24060098,5402,Volilna enota  2,,57.39,2006/05/31,2006/05/31,,,V,539699,90195
LE,24060101,5403,Volilna enota  3,,31.15,2006/05/31,2006/05/31,,,V,537610,91965
LE,24060110,5404,Volilna enota  4,,58.19,2006/05/31,2006/05/31,,,V,538339,88375
LE,24060128,5405,Volilna enota  5,,85.85,2006/05/31,2006/05/31,,,V,535079,82245
LE,24060136,5501,Volilna enota  1,,48.97,2006/05/31,2006/05/31,,,V,547012,166765
LE,24060144,5601,Volilna enota  1,,6.12,2006/05/31,2006/05/31,,,V,584253,188653
LE,24060152,5602,Volilna enota  2,,4.7,2006/05/31,2006/05/31,,,V,582493,187543
LE,24060179,5603,Volilna enota  3,,3.63,2006/05/31,2006/05/31,,,V,582433,189063
LE,24060187,5604,Volilna enota  4,,3.4,2006/05/31,2006/05/31,,,V,583553,190333
LE,24060195,5605,Volilna enota  5,,5.01,2006/05/31,2006/05/31,,,V,584823,191163
LE,24060209,5701,Volilna enota  1,,27.36,2006/05/31,2006/05/31,,,V,518430,112975
LE,24060217,5702,Volilna enota  2,,76.7,2006/05/31,2006/05/31,,,V,518700,112275
LE,24060225,5703,Volilna enota  3,,93.47,2006/05/31,2006/05/31,,,V,512030,112815
LE,24060233,5801,Volilna enota  1,,36.32,2006/05/31,2006/05/31,,,V,563802,159754
LE,24060241,21004,Volilna enota  4,,4.91,2006/07/13,2006/07/13,,,V,560872,167064
LE,24060250,5802,Volilna enota  2,,25.79,2006/06/23,2006/06/23,,,V,562312,157764
LE,24060268,5901,Volilna enota  1,,121.01,2006/05/31,2006/05/31,,,V,611301,159182
LE,24060276,6001,Volilna enota  1,,20.16,2006/05/31,2006/05/31,,,V,486869,101866
LE,24060284,6002,Volilna enota  2,,70.42,2006/05/31,2006/05/31,,,V,486629,105836
LE,24060292,6003,Volilna enota  3,,130.76,2006/05/31,2006/05/31,,,V,493989,102836
LE,24060306,6101,Volilna enota  1,,275.03,2006/05/31,2006/05/31,,,V,461739,102326
LE,24060497,6201,Volilna enota  1,,0.53,2006/05/31,2006/05/31,,,V,487250,134456
LE,24060519,6203,Volilna enota  3,,11.35,2006/08/18,2006/08/18,,,V,485564,133036
LE,24060527,6205,Volilna enota  5,,23.16,2006/08/18,2006/08/18,,,V,490130,137986
LE,24060535,6204,Volilna enota  4,,33.34,2006/08/18,2006/08/18,,,V,487980,139566
LE,24060543,6206,Volilna enota  6,,6.02,2006/08/18,2006/08/18,,,V,488460,132276
LE,24060551,6301,Volilna enota  1,,14.97,2006/05/31,2006/05/31,,,V,592281,153713
LE,24060560,6302,Volilna enota  2,,53.23,2006/05/31,2006/05/31,,,V,593311,156853
LE,24060578,6303,Volilna enota  3,,38.94,2006/05/31,2006/05/31,,,V,586771,153053
LE,24060586,6401,Volilna enota  1,,28.48,2006/05/31,2006/05/31,,,V,440248,86607
LE,24060594,6402,Volilna enota  2,,58.95,2006/05/31,2006/05/31,,,V,438928,86717
LE,24060608,6403,Volilna enota  3,,85.59,2006/05/31,2006/05/31,,,V,434959,85488
LE,24060616,6501,Volilna enota  1,,166.82,2006/05/31,2006/05/31,,,V,458648,65256
LE,24060624,6601,Volilna enota  1,,19.73,2006/05/31,2006/05/31,,,V,467448,63156
LE,24060632,6602,Volilna enota  2,,14.74,2006/05/31,2006/05/31,,,V,468078,62486
LE,24060667,6701,Volilna enota  1,,12.29,2006/05/31,2006/05/31,,,V,483500,138656
LE,24060675,6702,Volilna enota  2,,15.73,2006/05/31,2006/05/31,,,V,482100,134296
LE,24060683,6703,Volilna enota  3,,0.41,2006/05/31,2006/05/31,,,V,480270,135226
LE,24060691,6705,Volilna enota  5,,19.05,2006/05/31,2006/05/31,,,V,476670,129616
LE,24060799,6901,Volilna enota  1,,30.65,2006/05/31,2006/05/31,,,V,556991,134514
LE,24060802,6902,Volilna enota  2,,42.25,2006/05/31,2006/05/31,,,V,557111,135384
LE,24060829,7001,Volilna enota  1,,147.49,2006/05/31,2006/05/31,,,V,549372,158294
LE,24060837,7102,Volilna enota  2,,4.03,2010/09/10,2010/09/10,,,V,454779,111107
LE,24060845,7201,Volilna enota  1,,22.44,2006/05/31,2006/05/31,,,V,466639,113737
LE,24060853,7301,Volilna enota  1,,108.62,2006/05/31,2006/05/31,,,V,524929,56915
LE,24060861,7401,Volilna enota  1,,26.45,2006/05/31,2006/05/31,,,V,488771,153446
LE,24060870,7501,Volilna enota  1,,5.24,2006/05/31,2006/05/31,,,V,391918,84977
LE,24060888,7502,Volilna enota  2,,3.53,2006/05/31,2006/05/31,,,V,392918,85327
LE,24060896,7503,Volilna enota  3,,54,2006/05/31,2006/05/31,,,V,391598,81087
LE,24060900,7601,Volilna enota  1,,69.33,2006/05/31,2006/05/31,,,V,514851,144846
LE,24060918,7602,Volilna enota  2,,42.74,2006/05/31,2006/05/31,,,V,514971,142471
LE,24060926,7701,Volilna enota  1,,61.36,2006/05/31,2006/05/31,,,V,480209,110796
LE,24060977,7801,Volilna enota  1,,144.42,2006/05/31,2006/05/31,,,V,593932,173303
LE,24060985,7901,Volilna enota  1,,53.55,2006/05/31,2006/05/31,,,V,496705,133149
LE,24060993,20902,Volilna enota  2,,2.18,2006/07/05,2006/07/05,,,V,494250,131806
LE,24061019,8001,Volilna enota  1,,0.81,2006/05/31,2006/05/31,,,V,589012,169603
LE,24061027,8002,Volilna enota  2,,13.68,2006/05/31,2006/05/31,,,V,588632,169213
LE,24061035,8003,Volilna enota  3,,49.88,2006/05/31,2006/05/31,,,V,587212,170703
LE,24061043,8101,Volilna enota  1,,0.14,2006/05/31,2006/05/31,,,V,512722,163276
LE,24061051,8102,Volilna enota  2,,3.61,2006/05/31,2006/05/31,,,V,512402,162846
LE,24061060,8201,Volilna enota  1,,28.23,2006/05/31,2006/05/31,,,V,447408,126357
LE,24061078,8301,Volilna enota  1,,0.4,2006/05/31,2006/05/31,,,V,496080,130836
LE,24061086,8302,Volilna enota  2,,6.25,2006/05/31,2006/05/31,,,V,496390,131166
LE,24061094,8303,Volilna enota  3,,14.54,2006/05/31,2006/05/31,,,V,495410,129166
LE,24061108,8304,Volilna enota  4,,22.39,2006/05/31,2006/05/31,,,V,492700,127436
LE,24061116,8401,Volilna enota  1,,279.51,2006/05/31,2006/05/31,,,V,394828,91567
LE,24061124,8501,Volilna enota  1,,235.74,2006/05/31,2006/05/31,,,V,513519,73205
LE,24061132,8601,Volilna enota  1,,2.79,2006/05/31,2006/05/31,,,V,597912,161563
LE,24061159,8602,Volilna enota  2,,3.19,2006/05/31,2006/05/31,,,V,597532,161283
LE,24061167,8603,Volilna enota  3,,0.95,2006/05/31,2006/05/31,,,V,597732,161453
LE,24061213,8801,Volilna enota  1,,36.22,2006/05/31,2006/05/31,,,V,476428,43266
LE,24061221,8901,Volilna enota  1,,75.88,2006/05/31,2006/05/31,,,V,551429,163585
LE,24061230,9001,Volilna enota  1,,1.07,2006/05/31,2006/05/31,,,V,388317,44187
LE,24061248,9002,Volilna enota  2,,6.23,2006/05/31,2006/05/31,,,V,388657,43007
LE,24061256,9003,Volilna enota  3,,3.97,2006/05/31,2006/05/31,,,V,390727,41707
LE,24061264,9004,Volilna enota  4,,32.23,2006/05/31,2006/05/31,,,V,390913,41377
LE,24061272,9101,Volilna enota  1,,223.31,2006/05/31,2006/05/31,,,V,437398,60376
LE,24061299,9201,Volilna enota  1,,60.59,2006/05/31,2006/05/31,,,V,546140,113235
LE,24061302,9301,Volilna enota  1,,12.05,2006/05/31,2006/05/31,,,V,525192,160795
LE,24061329,9401,Volilna enota  1,,269.86,2006/05/31,2006/05/31,,,V,438848,70966
LE,24061337,9501,Volilna enota 1,,6.45,2018/10/04,2018/10/04,,,V,453910,130807
LE,24061345,9502,Volilna enota 2,,5.4,2018/10/04,2018/10/04,,,V,453480,128337
LE,24061353,9503,Volilna enota 3,,52.82,2010/08/19,2010/08/19,,,V,461430,131287
LE,24061361,9504,Volilna enota 4,,14.7,2010/08/19,2010/08/19,,,V,455580,129937
LE,24061370,9505,Volilna enota 5,,2.1,2010/08/19,2010/08/19,,,V,455350,129657
LE,24061388,9506,Volilna enota 6,,5.55,2010/08/19,2010/08/19,,,V,456250,128737
LE,24061396,9601,Volilna enota  1,,66.6,2006/05/31,2006/05/31,,,V,566941,142604
LE,24061434,9701,Volilna enota  1,,107.97,2006/05/31,2006/05/31,,,V,588212,174623
LE,24061477,9801,Volilna enota  1,,51.3,2006/05/31,2006/05/31,,,V,552331,146135
LE,24061485,9901,Volilna enota  1,,23.33,2006/05/31,2006/05/31,,,V,514400,102665
LE,24061558,10001,Volilna enota  1,,21,2006/05/31,2006/05/31,,,V,580012,167553
LE,24061566,10002,Volilna enota  2,,13.16,2006/05/31,2006/05/31,,,V,578492,165913
LE,24061574,10101,Volilna enota  1,,34.93,2006/05/31,2006/05/31,,,V,517342,163976
LE,24061582,10102,Volilna enota  2,,59.09,2006/05/31,2006/05/31,,,V,521722,165535
LE,24062023,10301,Volilna enota  1,,63.46,2006/05/31,2006/05/31,,,V,497257,156007
LE,24062031,10401,Volilna enota  1,,12.72,2006/05/31,2006/05/31,,,V,479048,66586
LE,24062040,10402,Volilna enota  2,,83.36,2006/05/31,2006/05/31,,,V,476008,65956
LE,24062058,10403,Volilna enota  3,,57.84,2006/05/31,2006/05/31,,,V,476848,67096
LE,24062066,10501,Volilna enota  1,,40.15,2006/05/31,2006/05/31,,,V,578953,185603
LE,24062082,10601,Volilna enota  1,,16.69,2006/05/31,2006/05/31,,,V,549210,121504
LE,24062104,10602,Volilna enota  2,,9.19,2006/05/31,2006/05/31,,,V,550070,121994
LE,24062112,10603,Volilna enota  3,,45.5,2006/05/31,2006/05/31,,,V,550880,122034
LE,24062139,10701,Volilna enota  1,,6.25,2006/05/31,2006/05/31,,,V,554397,120745
LE,24062147,10702,Volilna enota 2,,33.25,2006/07/27,2006/07/27,,,V,555490,122114
LE,24062155,10801,Volilna enota  1,,60.82,2006/05/31,2006/05/31,,,V,539531,155565
LE,24062163,10901,Volilna enota  1,,146.56,2006/05/31,2006/05/31,,,V,513898,57205
LE,24062171,11001,Volilna enota  1,,104.44,2006/05/31,2006/05/31,,,V,523880,98005
LE,24062180,11002,Volilna enota  2,,4.96,2006/05/31,2006/05/31,,,V,523550,96645
LE,24062198,11003,Volilna enota  3,,80.83,2006/05/31,2006/05/31,,,V,520630,100105
LE,24062201,11004,Volilna enota  4,,81.77,2006/05/31,2006/05/31,,,V,521150,93375
LE,24062210,11101,Volilna enota  1,,217.41,2006/05/31,2006/05/31,,,V,413178,64647
LE,24062333,11201,Volilna enota  1,,5.6,2006/05/31,2006/05/31,,,V,506221,152136
LE,24062341,11202,Volilna enota  2,,94.7,2006/05/31,2006/05/31,,,V,505181,151236
LE,24062350,11203,Volilna enota  3,,73.33,2006/05/31,2006/05/31,,,V,504041,155716
LE,24062368,11301,Volilna enota  1,,65.19,2006/08/25,2006/08/25,,,V,545631,134335
LE,24062376,11302,Volilna enota  2,,40.64,2006/08/25,2006/08/25,,,V,546859,143022
LE,24062384,11303,Volilna enota  3,,134.4,2006/08/25,2006/08/25,,,V,538291,145695
LE,24062392,11304,Volilna enota  4,,19.93,2006/08/25,2006/08/25,,,V,539631,137305
LE,24062406,11401,Volilna enota  1,,55,2006/05/31,2006/05/31,,,V,533401,134665
LE,24062724,11501,Volilna enota  1,,34.23,2006/05/31,2006/05/31,,,V,555041,145154
LE,24062732,11601,Volilna enota  1,,2.47,2006/05/31,2006/05/31,,,V,578222,159263
LE,24062759,11602,Volilna enota  2,,6.12,2006/05/31,2006/05/31,,,V,576552,159483
LE,24062767,11603,Volilna enota  3,,5.06,2006/05/31,2006/05/31,,,V,574782,159824
LE,24062775,11604,Volilna enota  4,,6.6,2006/05/31,2006/05/31,,,V,578012,160653
LE,24062783,11605,Volilna enota  5,,4,2006/05/31,2006/05/31,,,V,580832,161653
LE,24062791,11606,Volilna enota  6,,4.31,2006/05/31,2006/05/31,,,V,581782,159683
LE,24062805,11607,Volilna enota  7,,8.97,2006/05/31,2006/05/31,,,V,580331,157623
LE,24062813,11608,Volilna enota  8,,1.31,2006/05/31,2006/05/31,,,V,577081,157753
LE,24062821,11609,Volilna enota  9,,1.86,2006/05/31,2006/05/31,,,V,576752,158653
LE,24062830,11610,Volilna enota  10,,4.32,2006/05/31,2006/05/31,,,V,577201,156453
LE,24062848,11611,Volilna enota  11,,6.31,2006/05/31,2006/05/31,,,V,578611,156743
LE,24062856,11701,Volilna enota  1,,40.3,2006/05/31,2006/05/31,,,V,455501,122833
LE,24062864,11801,Volilna enota  1,,65.01,2006/05/31,2006/05/31,,,V,550282,170985
LE,24062872,11901,Volilna enota  1,,96.05,2006/05/31,2006/05/31,,,V,526119,77725
LE,24062899,12001,Volilna enota  1,,35.24,2006/05/31,2006/05/31,,,V,530550,119835
LE,24062902,12002,Volilna enota  2,,77.16,2006/05/31,2006/05/31,,,V,533840,121605
LE,24062929,12003,Volilna enota  3,,109.99,2006/05/31,2006/05/31,,,V,532530,116735
LE,24062937,12101,Volilna enota  1,,60.46,2006/05/31,2006/05/31,,,V,522609,85265
LE,24063038,12301,Volilna enota  1,,43.6,2006/05/31,2006/05/31,,,V,466879,94286
LE,24063046,12401,Volilna enota  1,,31.33,2006/05/31,2006/05/31,,,V,536740,120815
LE,24063054,12402,Volilna enota  2,,32.32,2006/05/31,2006/05/31,,,V,539970,121055
LE,24063062,12403,Volilna enota  3,,44.03,2006/05/31,2006/05/31,,,V,540430,124135
LE,24063089,12501,Volilna enota  1,,18.11,2006/05/31,2006/05/31,,,V,502620,133366
LE,24063143,12601,Volilna enota  1,,95.76,2006/05/31,2006/05/31,,,V,503710,137786
LE,24063160,12801,Volilna enota  1,,45.31,2010/08/18,2010/08/18,,,V,402358,116998
LE,24063178,12901,Volilna enota  1,,58.12,2006/05/31,2006/05/31,,,V,503790,112215
LE,24063267,13101,Volilna enota  1,,155.36,2006/05/31,2006/05/31,,,V,446810,136457
LE,24063275,13201,Volilna enota  1,,12.58,2006/05/31,2006/05/31,,,V,601273,165266
LE,24063283,13202,Volilna enota  2,,11.28,2006/05/31,2006/05/31,,,V,599887,162847
LE,24063291,13301,Volilna enota  1,,84.08,2006/05/31,2006/05/31,,,V,508611,136146
LE,24063305,13401,Volilna enota  1,,103.18,2006/05/31,2006/05/31,,,V,471859,77446
LE,24063313,13501,Volilna enota  1,,18.05,2006/05/31,2006/05/31,,,V,568740,137075
LE,24063321,13502,Volilna enota  2,,34.63,2006/05/31,2006/05/31,,,V,570081,130824
LE,24063330,13503,Volilna enota  3,,27.34,2006/05/31,2006/05/31,,,V,565881,137134
LE,24063372,20001,Volilna enota  1,,37.64,2006/05/31,2006/05/31,,,V,544601,130585
LE,24063402,20301,Volilna enota  1,,28.68,2006/05/31,2006/05/31,,,V,505789,71835
LE,24063429,20401,Volilna enota  1,,2.49,2006/05/31,2006/05/31,,,V,567222,159924
LE,24063445,20601,Volilna enota  1,,8.76,2006/05/31,2006/05/31,,,V,519469,83035
LE,24188299,20407,Volilna enota 7,,2.72,2010/08/04,2010/08/04,,,V,567952,160494
