ENOTA,ODO_MID,ODO_ID,ODO_UIME,POV_KM2,D_OD,DV_OD,STATUS,CEN_E,CEN_N
CK,16522635,140615,Pokojišče Padež-Zavrh,16.64,2014/09/04,2014/09/04,V,449549,84837
CK,16522643,9601,Artiče,14.79,1997/07/01,1997/07/01,V,546949,90484
CK,16522651,9602,Bizeljsko,30.75,1997/07/01,1997/07/01,V,554380,94834
CK,16522660,9603,Brežice,1.54,1997/07/01,1997/07/01,V,545949,85164
CK,16522678,9604,Cerklje ob Krki,25.25,1997/07/01,1997/07/01,V,539779,84305
CK,16522686,9605,Čatež ob Savi,16.88,1997/07/01,1997/07/01,V,546399,83814
CK,16522694,9606,Dobova,25.71,1997/07/01,1997/07/01,V,551089,85624
CK,16522708,9607,Globoko,17.48,1997/07/01,1997/07/01,V,549149,90754
CK,16522716,9608,Jesenice na Dolenjskem,6.85,1997/07/01,1997/07/01,V,552849,78834
CK,16522724,9609,Kapele,18.42,1997/07/01,1997/07/01,V,553849,88194
CK,16522732,9610,Krška vas,3.61,1997/07/01,1997/07/01,V,544319,83755
CK,16522759,9611,Mrzlava vas,7.75,1997/07/01,1997/07/01,V,543289,78935
CK,16522775,9613,Pišece,23.44,1997/07/01,1997/07/01,V,551340,95264
CK,16522783,9614,Skopice,7.06,1997/07/01,1997/07/01,V,542459,85275
CK,16522791,9615,Sromlje,14.58,1997/07/01,1997/07/01,V,546629,92164
CK,16522805,9616,Šentlenart,13.18,1997/07/01,1997/07/01,V,547119,87354
CK,16522813,9617,Velika Dolina,20.23,1997/07/01,1997/07/01,V,549709,78574
CK,16522821,9618,Zakot-Bukošek-Trnje,8.89,1997/07/01,1997/07/01,V,548629,87484
CK,16522830,9619,Velike Malence,4.08,1997/07/01,1997/07/01,V,544119,82965
CK,16522848,17601,Adlešiči,39.49,1997/07/01,1997/07/01,V,525908,40605
CK,16522856,17604,Dobliče,17.71,2010/07/09,2010/07/09,V,511308,46555
CK,16522864,17605,Dragatuš,55.89,1997/07/01,1997/07/01,V,512728,40185
CK,16522872,17606,Griblje,9.19,1997/07/01,1997/07/01,V,520628,48485
CK,16522899,17607,Petrova vas,14.14,1997/07/01,1997/07/01,V,512778,53445
CK,16522902,109601,Semič,146.56,1997/07/01,1997/07/01,V,513898,57205
CK,16522929,17609,Stari trg ob Kolpi,36.39,1997/07/01,1997/07/01,V,505078,39665
CK,16522937,17610,Talčji vrh,29.28,1997/07/01,1997/07/01,V,512858,50265
CK,16522945,17611,Tribuče,15.84,1997/07/01,1997/07/01,V,517408,47285
CK,16522953,17612,Vinica,64.52,1997/07/01,1997/07/01,V,518658,37285
CK,16522961,17602,Butoraj,8.37,1997/07/01,1997/07/01,V,515928,44405
CK,16522970,17603,Črnomelj,22.51,1997/07/01,1997/07/01,V,515158,48225
CK,16522988,34602,Dol pri Hrastniku,10.23,1997/07/01,1997/07/01,V,508110,111345
CK,16522996,34605,Kovk,3.24,1997/07/01,1997/07/01,V,508360,110015
CK,16523003,34606,Krnice-Šavna peč,3.64,1997/08/26,1997/08/26,V,508610,108815
CK,16523011,34607,Marno,5.16,1997/07/01,1997/07/01,V,509980,112135
CK,16523020,34608,Podkraj,9.59,1997/07/01,1997/07/01,V,510270,106865
CK,16523038,34609,Prapretno,3.11,1997/07/01,1997/07/01,V,505780,110755
CK,16523046,34610,Turje-Gore,11.44,1997/07/01,1997/07/01,V,510830,108445
CK,16523054,14601,Bukovo,16.27,1997/07/01,1997/07/01,V,415509,112647
CK,16523062,14602,Cerkno,16.67,1997/07/01,1997/07/01,V,422069,110327
CK,16523089,36601,Črni Vrh,69.02,1997/08/26,1997/08/26,V,425948,87357
CK,16523097,36602,Dole,23.77,1997/07/01,1997/07/01,V,427119,97447
CK,16523119,36603,Godovič,16.68,1997/07/01,1997/07/01,V,428789,92047
CK,16523127,14603,Gorje,11.41,1997/07/01,1997/07/01,V,421529,113157
CK,16523135,36604,Idrija,65.31,1997/07/01,1997/07/01,V,424258,96187
CK,16523143,36605,Krnice-Masore,20.69,1997/07/01,1997/07/01,V,420378,103697
CK,16523151,36606,Ledine,18.76,1997/07/01,1997/07/01,V,429499,98587
CK,16523160,14604,Novaki,15.28,1997/07/01,1997/07/01,V,425849,112897
CK,16523178,14605,Orehek,6.89,1997/07/01,1997/07/01,V,418299,112177
CK,16523186,14606,Otalež,12.53,1997/07/01,1997/07/01,V,423739,103867
CK,16523194,14607,Podlanišče,14.24,1997/07/01,1997/07/01,V,422859,108007
CK,16523208,14608,Ravne-Zakriž,8.68,1997/07/01,1997/07/01,V,420359,111207
CK,16523216,14609,Straža,17.79,1997/07/01,1997/07/01,V,418188,105907
CK,16523224,36607,Spodnja Idrija,12.37,1997/07/01,1997/07/01,V,424569,99527
CK,16523232,14610,Šebrelje,11.89,1997/07/01,1997/07/01,V,416238,106277
CK,16523259,36608,Vojsko,41.14,1997/07/01,1997/07/01,V,415098,98787
CK,16523267,36609,Kanomlja,20.52,1997/07/01,1997/07/01,V,416158,101897
CK,16523275,36610,Zavratec,5.2,1997/07/01,1997/07/01,V,432739,95047
CK,16523283,38601,Bitnja,9.93,1997/08/11,1997/08/13,V,437318,51836
CK,16523291,38602,Dolnji Zemon,10.6,1997/07/01,1997/07/01,V,442398,45486
CK,16523305,38603,Harije,10.56,1997/07/01,1997/07/01,V,434298,47416
CK,16523313,38604,Hrušica,14.25,1997/07/01,1997/07/01,V,431378,44866
CK,16523321,38605,Ilirska Bistrica,129.79,1997/07/01,1997/07/01,V,441668,47826
CK,16523330,38606,Jelšane,20.39,1997/07/01,1997/07/01,V,439118,41996
CK,16523348,38607,Knežak,49.51,1997/07/01,1997/07/01,V,440668,54286
CK,16523356,38608,Koseze,11.24,1997/07/01,1997/07/01,V,437848,44566
CK,16523364,38609,Kuteževo,17.74,1997/07/01,1997/07/01,V,447758,43586
CK,16523372,38610,Novokračine,15.27,1997/07/01,1997/07/01,V,447988,40046
CK,16523399,38611,Ostrožno Brdo,9.33,1997/07/01,1997/07/01,V,431718,53746
CK,16523402,38612,Podgrad,36.04,1997/07/01,1997/07/01,V,433828,45536
CK,16523429,38613,Pregarje,20.19,1997/07/01,1997/07/01,V,432678,49106
CK,16523437,38614,Prem,13.77,1997/07/01,1997/07/01,V,435028,49256
CK,16523445,38615,Rečica,8.17,1997/07/01,1997/07/01,V,439538,48216
CK,16523453,38616,Starod,14.02,1997/07/01,1997/07/01,V,437528,42736
CK,16523461,38617,Šembije,11.87,1997/07/01,1997/07/01,V,440498,51756
CK,16523470,38618,Topolc,8.47,1997/07/01,1997/07/01,V,439228,51306
CK,16523488,38619,Vrbovo,14.3,1997/07/01,1997/07/01,V,444208,45286
CK,16523496,38620,Zabiče,25.67,1997/07/01,1997/07/01,V,448833,41970
CK,16523500,40605,Korte,15.8,1997/07/01,1997/07/01,V,395627,41687
CK,16523518,40604,Jagodje-Dobrava,5.15,1997/07/01,1997/07/01,V,393177,44387
CK,16523526,40601,Staro mesto,0.34,1997/07/01,1997/07/01,V,395157,45377
CK,16523534,40602,Haliaetum,0.73,1999/11/26,1999/12/13,V,395377,44857
CK,16523542,40603,Livade,6.49,1997/07/01,1997/07/01,V,395687,44187
CK,16523569,41601,Blejska Dobrava,7.97,1997/07/01,1997/07/01,V,429300,142088
CK,16523585,41602,Hrušica,9.74,2014/11/14,2014/11/14,V,424167,145671
CK,16523593,41603,Slovenski Javornik-Koroška Bela,28.62,2014/11/14,2014/11/14,V,432200,142288
CK,16523607,53602,Kranjska Gora,47.07,1997/07/01,1997/07/01,V,406879,150238
CK,16523615,41604,Planina pod Golico,21.03,2014/11/14,2014/11/14,V,425830,146388
CK,16523623,41605,Podmežakla,4.42,2014/11/14,2014/11/14,V,427380,144138
CK,16523631,53603,Rateče - Planica,26.53,1997/07/01,1997/07/01,V,401221,151565
CK,16523640,41606,Sava,1.43,2014/11/14,2014/11/14,V,427780,144528
CK,16523658,41607,Plavž,2.68,2014/11/14,2014/11/14,V,426470,144868
CK,16523682,43601,Črna pri Kamniku,22.08,1997/07/01,1997/07/01,V,475700,125056
CK,16523704,43602,Duplica,0.84,1997/07/01,1997/07/01,V,468610,118057
CK,16523712,43603,Godič,5.2,1997/07/01,1997/07/01,V,470871,124488
CK,16523739,43604,Kamniška Bistrica,85.59,1997/07/01,1997/07/01,V,469690,125807
CK,16523763,43608,Nevlje,9.07,1997/07/01,1997/07/01,V,474230,120976
CK,16523771,43609,Podgorje,6.46,1997/07/01,1997/07/01,V,468470,119817
CK,16523780,43610,Pšajnovica,6.07,1997/07/01,1997/07/01,V,483080,117766
CK,16523798,43612,Srednja vas pri Kamniku,6.74,1997/07/01,1997/07/01,V,477110,119566
CK,16523801,43613,Šmarca,1.7,1997/07/01,1997/07/01,V,468850,117567
CK,16523810,43614,Šmartno v Tuhinju,16.28,1997/07/01,1997/07/01,V,478820,121776
CK,16523828,43615,Špitalič,20.41,1997/07/01,1997/07/01,V,487050,120856
CK,16523836,43616,Tuhinj,28.34,1997/07/01,1997/07/01,V,483930,119086
CK,16523844,43617,Tunjice,7.8,1997/07/01,1997/07/01,V,467120,121717
CK,16523852,43618,Volčji Potok,6.36,1997/07/01,1997/07/01,V,469800,116606
CK,16523887,43621,Kamnik-Center,3.21,1997/07/01,1997/07/01,V,469980,120777
CK,16523895,43622,Mekinje,3.23,1997/07/01,1997/07/01,V,469960,122737
CK,16523909,43623,Novi trg,5.09,2014/09/04,2014/09/04,V,470130,118986
CK,16523917,43624,Perovo,0.52,1997/07/01,1997/07/01,V,469730,119987
CK,16523925,66601,Draga,81.15,1997/07/01,1997/07/01,V,475558,59056
CK,16523933,48601,Kočevje-mesto,18.62,1997/08/26,1997/08/26,V,489038,55906
CK,16523941,48602,Kočevje-Rudnik-Šalka vas,112.09,1997/07/01,1997/07/01,V,499748,51166
CK,16523950,48603,Kočevska Reka,173.32,1997/07/01,1997/07/01,V,480278,52466
CK,16523968,48604,Stara Cerkev,125.94,1997/07/01,1997/07/01,V,495458,62736
CK,16523984,48606,Poljanska dolina ob Kolpi,36.73,1997/08/26,1997/08/26,V,502778,44185
CK,16523992,48607,Ivan Omerza Livold,88.94,1997/07/01,1997/07/01,V,497338,48686
CK,16524018,50603,Boršt,9.47,1997/07/01,1997/07/01,V,404037,38067
CK,16524026,50604,Črni Kal,51.56,1997/07/01,1997/07/01,V,411948,49667
CK,16524034,50605,Dekani,6.01,1997/07/01,1997/07/01,V,407437,45907
CK,16524042,50606,Gračišče,46.45,1997/07/01,1997/07/01,V,413607,37576
CK,16524069,50608,Hrvatini,5.56,1997/07/01,1997/07/01,V,403257,50827
CK,16524077,50609,Marezige,18.82,1997/07/01,1997/07/01,V,408447,40127
CK,16524085,50610,Pobegi-Čežarji,3.3,1997/07/01,1997/07/01,V,406727,44857
CK,16524093,50612,Škocjan,10.99,1997/07/01,1997/07/01,V,401851,42491
CK,16524107,50613,Škofije,13.57,1997/07/01,1997/07/01,V,409007,47467
CK,16524115,50614,Šmarje,34.75,1997/07/01,1997/07/01,V,397927,41077
CK,16524123,50615,Vanganel,6.78,1997/07/01,1997/07/01,V,403877,41137
CK,16524131,50616,Žusterna,2.12,1997/07/01,1997/07/01,V,398177,45197
CK,16524140,50618,Za gradom,0.49,1997/09/25,1997/09/25,V,399627,45497
CK,16524158,50619,Koper - Center,4.15,1997/07/01,1997/07/01,V,400787,45967
CK,16524166,50620,Semedela,0.8,1997/07/01,1997/07/01,V,399957,45137
CK,16524174,95602,Bela,5.4,1999/04/09,1999/04/12,V,452820,128457
CK,16524182,52601,Besnica,20.61,1997/07/01,1997/07/01,V,447029,123047
CK,16524204,52602,Bitnje,11.34,1997/07/01,1997/07/01,V,448879,120247
CK,16524212,82601,Duplje,8.17,1997/07/01,1997/07/01,V,446220,129107
CK,16524239,52604,Golnik,2.76,1997/07/01,1997/07/01,V,448460,132637
CK,16524247,52605,Goriče,10.2,1997/07/01,1997/07/01,V,449960,131507
CK,16524263,52606,Jošt,6.12,1997/07/01,1997/07/01,V,445539,122007
CK,16524271,95603,Kokra,52.82,1997/07/01,1997/07/01,V,462390,133157
CK,16524280,52607,Kokrica,9.43,1997/07/01,1997/07/01,V,450820,126987
CK,16524298,52608,Center,0.67,1997/07/01,1997/07/01,V,450319,122857
CK,16524301,52609,Gorenja Sava,1.31,1997/07/01,1997/07/01,V,449739,122797
CK,16524310,52610,Orehek - Drulovka,2.67,1997/07/01,1997/07/01,V,452079,119987
CK,16524328,52611,Stražišče,6.92,1997/07/01,1997/07/01,V,448479,121667
CK,16524336,52612,Zlato polje,2.42,1997/07/01,1997/07/01,V,449879,123357
CK,16524344,52613,Vodovodni stolp,1.89,1997/07/01,1997/07/01,V,450469,123437
CK,16524352,52614,Planina,0.5,1997/07/01,1997/07/01,V,450979,121737
CK,16524379,52615,Primskovo,5.43,1997/07/01,1997/07/01,V,452040,123907
CK,16524387,52616,Struževo,0.98,1997/07/01,1997/07/01,V,448156,124689
CK,16524395,52617,Mavčiče,13.76,1997/08/25,1997/08/25,V,453679,117657
CK,16524409,82602,Naklo,10.43,1997/07/01,1997/07/01,V,447408,126357
CK,16524417,52618,Podblica,11.74,1997/07/01,1997/07/01,V,438880,125998
CK,16524425,82603,Podbrezje,9.63,1997/07/01,1997/07/01,V,444760,128187
CK,16524433,95605,Preddvor,1.62,1999/04/09,1999/04/12,V,455410,129147
CK,16524441,117601,Šenčur,13.06,1997/07/01,1997/07/01,V,455501,122833
CK,16524450,52620,Tenetiše,7.42,1997/07/01,1997/07/01,V,449690,128197
CK,16524468,117603,Trboje,5.29,1997/07/01,1997/07/01,V,454089,118287
CK,16524476,52621,Trstenik,11.22,1997/07/01,1997/07/01,V,450810,130237
CK,16524484,117604,Visoko,4.03,1997/07/01,1997/07/01,V,454160,125467
CK,16524492,117606,Voklo,2.84,1997/07/01,1997/07/01,V,455449,119627
CK,16524506,52622,Žabnica,7.93,1997/07/01,1997/07/01,V,448019,118317
CK,16524514,117602,Olševek,4.27,2010/09/07,2010/09/07,V,456656,127053
CK,16524522,52624,Huje,0.32,1997/07/01,1997/07/01,V,450549,122287
CK,16524549,52625,Bratov Smuk,0.21,1997/07/01,1997/07/01,V,451029,122387
CK,16524557,54601,Brestanica,21.91,1997/07/01,1997/07/01,V,540300,94695
CK,16524565,54602,Dolenja vas,8.81,1997/07/01,1997/07/01,V,540229,90465
CK,16524573,54604,Koprivnica pri Brestanici,11.31,1997/07/01,1997/07/01,V,540250,99975
CK,16524581,54605,Kostanjevica na Krki,58.33,1997/07/01,1997/07/01,V,529669,76295
CK,16524590,54606,Krško,21.92,1997/07/01,1997/07/01,V,537610,91965
CK,16524603,54608,Podbočje,34.27,1997/07/01,1997/07/01,V,537880,78636
CK,16524611,54609,Raka,36.69,1997/07/01,1997/07/01,V,530979,86865
CK,16524620,54610,Rožno - Presladol,8.47,1997/07/01,1997/07/01,V,533460,95865
CK,16524638,54611,Senovo,42.7,1997/07/01,1997/07/01,V,532020,98725
CK,16524646,54612,Veliki Trn,19.59,1997/07/01,1997/07/01,V,532259,90485
CK,16524654,54613,Zdole,15.4,1997/07/01,1997/07/01,V,540980,93315
CK,16524662,54614,Krško Polje,10.96,1997/07/01,1997/07/01,V,540929,86095
CK,16524689,54615,Senuše,8.91,1997/07/01,1997/07/01,V,531929,87415
CK,16524697,57601,Šentrupert,16.7,2002/10/28,2002/10/28,V,525490,113665
CK,16524719,99601,Jagnjenica,9.11,1997/07/01,1997/07/01,V,510520,102995
CK,16524727,57602,Jurklošter,41.97,1997/07/01,1997/07/01,V,528200,105725
CK,16524735,57603,Laško,27.36,1997/07/01,1997/07/01,V,518430,112975
CK,16524743,57604,Marija-Gradec,20.43,1997/07/01,1997/07/01,V,522110,111755
CK,16524751,99602,Radeče,23.33,1997/07/01,1997/07/01,V,514230,102895
CK,16524760,57606,Rimske Toplice,28.64,1997/07/01,1997/07/01,V,518900,109605
CK,16524778,57607,Sedraž,7.72,1997/07/01,1997/07/01,V,512170,111435
CK,16524786,99603,Svibno,14.6,1997/07/01,1997/07/01,V,507480,101705
CK,16524794,57608,Vrh nad Laškim,18.41,1997/07/01,1997/07/01,V,522520,110755
CK,16524808,99604,Vrhovo,4.99,1997/07/01,1997/07/01,V,515740,99035
CK,16524816,57609,Zidani Most,15.14,1997/07/01,1997/07/01,V,514490,106255
CK,16524867,58604,Lenart,36.32,1997/07/01,1997/07/01,V,563802,159754
CK,16524883,58608,Voličina,25.79,1997/07/01,1997/07/01,V,560432,156934
CK,16524891,15601,Bistrica,16.54,1997/07/01,1997/07/01,V,599175,156115
CK,16524905,59601,Čentiba,7.33,1997/07/01,1997/07/01,V,614071,157792
CK,16524913,15602,Črenšovci,17.11,1997/07/01,1997/07/01,V,599161,160263
CK,16524921,59602,Dolga vas,9.95,1997/07/01,1997/07/01,V,610958,160942
CK,16524948,59604,Gaberje,6.09,1997/07/01,1997/07/01,V,608185,157439
CK,16524956,59605,Genterovci,5.11,1997/07/01,1997/07/01,V,607702,165432
CK,16524964,59606,Gorice pri Lendavi,7.44,1997/07/01,1997/07/01,V,612451,160442
CK,16524972,59607,Hotiza,5.22,1997/07/01,1997/07/01,V,604210,157535
CK,16524999,59609,Lendava,10.66,1997/07/01,1997/07/01,V,611301,159182
CK,16525006,59610,Mostje-Banuta,8.54,1997/07/01,1997/07/01,V,608257,164093
CK,16525022,59612,Petišovci,6.35,1997/07/01,1997/07/01,V,612353,155075
CK,16525049,132601,Turnišče pri Lendavi,8.07,1997/07/01,1997/07/01,V,601273,165266
CK,16525057,60602,Krajevna skupnost Dole,44.17,2004/04/14,2004/04/14,V,500129,98685
CK,16525065,60603,Krajevna skupnost Gabrovka,42.42,2004/04/14,2004/04/14,V,500429,93135
CK,16525081,60605,Krajevna skupnost Jevnica,13.35,2004/04/14,2004/04/14,V,482629,103536
CK,16525090,60607,Krajevna skupnost Kresnice,7.41,2004/04/14,2004/04/14,V,483059,104886
CM,16525103,60301,Mestna skupnost Litija,17.33,1997/09/03,1997/09/03,V,486869,101866
CK,16525111,194605,Krajevna skupnost Primskovo,12.47,2004/02/10,2004/02/10,V,494319,92315
CK,16525120,60609,Krajevna skupnost Ribče,3.19,2004/04/14,2004/04/14,V,482249,106666
CK,16525138,60610,Krajevna skupnost Sava,8.23,2004/04/14,2004/04/14,V,489579,104266
CK,16525154,194609,Krajevna skupnost Štangarske Poljane,17.64,2004/02/10,2004/02/10,V,481929,98736
CK,16525162,60612,Krajevna skupnost Vače,23.4,2004/04/14,2004/04/14,V,486639,107521
CK,16525189,194602,Krajevna skupnost Kostrevnica,8.35,2004/02/10,2004/02/10,V,488844,98151
CK,16525197,194610,Krajevna skupnost Velika Štanga,8.78,2004/02/10,2004/02/10,V,481159,99616
CK,16525219,194606,Krajevna skupnost Vintarjevec,11.39,2004/02/10,2004/02/10,V,487509,97446
CK,16525227,63602,Mala Nedelja,17.18,1997/07/01,1997/07/01,V,581641,153913
CK,16525235,63603,Cezanjevci,10.39,1997/07/01,1997/07/01,V,588331,154003
CK,16525243,63604,Cven,16.21,1997/07/01,1997/07/01,V,592482,158533
CK,16525260,63606,Ljutomer,14.97,1997/07/01,1997/07/01,V,592281,153713
CK,16525286,63608,Radoslavci,11.37,1997/07/01,1997/07/01,V,582801,152543
CK,16525308,63610,Stara cesta,7.76,1997/07/01,1997/07/01,V,586781,150853
CK,16525316,63611,Stročja vas,12.82,1997/07/01,1997/07/01,V,595031,154423
CK,16525332,63613,Železne dveri,12.2,1997/07/01,1997/07/01,V,592345,149970
CK,16525359,73601,Krajevna skupnost Božakovo,4.6,2014/09/10,2014/09/10,V,528429,56515
CK,16525367,73602,Krajevna skupnost Dobravice,6.81,2014/09/10,2014/09/10,V,522029,54945
CK,16525375,73603,Krajevna skupnost Drašiči,8.37,2014/09/10,2014/09/10,V,528419,58895
CK,16525383,73604,Krajevna skupnost Grabrovec,3.83,2014/09/10,2014/09/10,V,523659,60105
CK,16525391,73605,Krajevna skupnost Gradac,7.56,2014/09/10,2014/09/10,V,519018,52645
CK,16525405,73606,Krajevna skupnost Jugorje,6.21,2014/09/10,2014/09/10,V,518929,62975
CK,16525413,73607,Krajevna skupnost Lokvica,6.41,2014/09/10,2014/09/10,V,522269,59215
CK,16525430,73609,Krajevna skupnost Podzemelj,12.62,2014/09/10,2014/09/10,V,521719,53095
CK,16525448,73610,Krajevna skupnost Radovica,8.96,2014/09/10,2014/09/10,V,525549,61715
CK,16525456,73611,Krajevna skupnost Rosalnice,4.97,2014/09/10,2014/09/10,V,525309,57625
CK,16525464,73612,Krajevna skupnost Slamna vas,4.29,2014/09/10,2014/09/10,V,526129,59305
CK,16525472,73613,Krajevna skupnost Suhor,16.33,2014/09/10,2014/09/10,V,520419,62675
CK,16525499,30601,Bočna,18.69,1997/07/01,1997/07/01,V,488630,127666
CK,16525502,30602,Gornji Grad,37.31,1997/07/01,1997/07/01,V,484990,128506
CK,16525529,79601,Mozirje,53.55,1997/07/01,1997/07/01,V,496705,133149
CK,16525537,83601,Nazarje,6.65,1997/07/01,1997/07/01,V,496390,131166
CK,16525545,30603,Nova Štifta,34.06,1997/07/01,1997/07/01,V,482760,126646
CK,16525553,209602,Rečica ob Savinji,30.09,2010/09/09,2010/09/09,V,493000,131936
CK,16525570,83602,Šmrtno ob Dreti,22.39,1997/07/01,1997/07/01,V,492700,127436
CK,16525588,80601,Bakovci,8.95,1997/07/01,1997/07/01,V,587582,164883
CK,16525596,2601,Beltinci,12.19,1997/07/01,1997/07/01,V,594442,163669
CK,16525626,2602,Bratonci,3.18,1997/07/01,1997/07/01,V,593092,165003
CK,16525669,33602,Čepinci,23.51,1997/07/01,1997/07/01,V,594183,190153
CK,16525685,2603,Dokležovje,5.28,1997/07/01,1997/07/01,V,589832,163043
CK,16525693,2604,Gančani,13.59,1997/07/01,1997/07/01,V,595532,166353
CK,16525707,10602,Gederovci,11.26,1997/07/01,1997/07/01,V,580492,169963
CK,16525715,31602,Gornji Petrovci,9.12,1997/07/01,1997/07/01,V,592902,185763
CK,16525740,2605,Ižakovci,8.61,1997/07/01,1997/07/01,V,592912,161353
CK,16525758,31603,Križevci,23.1,1997/07/01,1997/07/01,V,593762,180883
CK,16525766,80603,Krog,8.39,1997/07/01,1997/07/01,V,587012,166953
CK,16525774,56602,Kuzma,22.87,1997/07/01,1997/07/01,V,582433,189063
CK,16525782,2606,Lipa,5.59,1997/07/01,1997/07/01,V,598612,163433
CK,16525804,2607,Lipovci,7.07,1997/07/01,1997/07/01,V,594082,165873
CK,16525847,2608,Melinci,6.8,1997/07/01,1997/07/01,V,594916,159959
CK,16525855,105601,Pertoča,16.18,1997/07/01,1997/07/01,V,576412,183363
CK,16525901,105603,Rogašovci,20.06,1997/07/01,1997/07/01,V,578953,185603
CK,16525928,33601,Šalovci,23.09,1997/07/01,1997/07/01,V,598783,188043
CM,16525952,80301,Center,0.81,1997/07/01,1997/07/01,V,589012,169603
CM,16525979,80302,Ledava,3.18,1997/07/01,1997/07/01,V,589912,169473
CM,16525987,80304,Partizan,4.91,1997/07/01,1997/07/01,V,588942,169183
CM,16525995,80305,Turopolje,2.4,1997/07/01,1997/07/01,V,588632,169213
CK,16526029,44601,Anhovo-Deskle,38.47,1999/09/25,1999/10/08,V,390578,101188
CK,16526037,44602,Avče,10.26,1997/07/01,1997/07/01,V,397748,107808
CK,16526045,84601,Krajevna skupnost Banjšice,14.43,2014/09/03,2014/09/03,V,399828,103287
CK,16526053,75601,Bilje,2.18,1997/07/01,1997/07/01,V,395008,84967
CK,16526070,84603,Krajevna skupnost Čepovan,20,2014/09/03,2014/09/03,V,406618,101807
CV,16526088,7001,Šmartno,3.7,1997/07/01,1997/07/01,V,387778,97628
CK,16526096,84604,Krajevna skupnost Dornberk,11.25,2014/09/03,2014/09/03,V,401848,83007
CK,16526100,84606,Krajevna skupnost Grgar,16.89,2014/09/03,2014/09/03,V,396888,96517
CK,16526118,84607,Krajevna skupnost Grgarske Ravne - Bate,23.78,2014/09/03,2014/09/03,V,396988,100017
CK,16526126,44603,Kal nad Kanalom,20.34,1997/07/01,1997/07/01,V,402758,105837
CK,16526134,44604,Kambreško,15.43,1997/07/01,1997/07/01,V,395498,110678
CK,16526142,44605,Kanal,23.07,1997/08/11,1997/08/13,V,394418,106258
CV,16526169,7002,Vrhovlje,3.42,1997/07/01,1997/07/01,V,389708,99358
CK,16526177,75602,Kostanjevica,14.31,1997/08/11,1997/08/13,V,394647,78987
CK,16526185,84608,Krajevna skupnost Kromberk - Loke,12.46,2014/09/03,2014/09/03,V,400058,91807
CK,16526193,44606,Levpa,10.02,1997/07/01,1997/07/01,V,399748,106588
CK,16526207,84609,Krajevna skupnost Lokovec,19.88,2014/09/03,2014/09/03,V,404348,102087
CK,16526215,84610,Krajevna skupnost Lokve - Lazna,38.39,2014/09/03,2014/09/03,V,407508,100587
CK,16526223,75603,Miren,5.24,1997/07/01,1997/07/01,V,391918,84977
CK,16526231,75604,Opatje selo,12.83,1997/08/11,1997/08/13,V,389977,79087
CK,16526240,84612,Krajevna skupnost Osek - Vitovlje,20.2,2014/09/03,2014/09/03,V,404178,87557
CK,16526258,84613,Krajevna skupnost Ozeljan - Šmihel,8.7,2014/09/03,2014/09/03,V,401188,90937
CK,16526266,84615,Krajevna skupnost Ravnica,9,2014/09/03,2014/09/03,V,399078,94337
CK,16526282,44608,Ročinj-Doblar,10.46,1999/09/25,1999/10/08,V,398658,109238
CK,16526304,84616,Krajevna skupnost Rožna Dolina,12.87,2014/09/03,2014/09/03,V,397488,88657
CK,16526312,75605,Sela na Krasu,6.38,1997/07/01,1997/07/01,V,391937,78857
CK,16526339,84618,Krajevna skupnost Šempas,5.95,2014/09/03,2014/09/03,V,402538,88407
CK,16526355,75606,Temnica,13.51,1997/07/01,1997/07/01,V,396228,79227
CK,16526371,75607,Vojščica,6.96,1997/07/01,1997/07/01,V,396128,76998
CK,16526398,84611,Krajevna skupnost Nova Gorica,3.96,2014/09/03,2014/09/03,V,394828,91567
CK,16526401,85602,Krajevna skupnost Birčna vas,25.79,2013/03/12,2013/03/12,V,513709,68555
CK,16526410,85603,Krajevna skupnost Brusnice,19.66,2013/03/12,2013/03/12,V,522429,72305
CK,16526428,85604,Krajevna skupnost Bučna vas,11.88,2013/03/12,2013/03/12,V,510229,77715
CK,16526444,85606,Krajevna skupnost Gabrje,14.24,2013/03/12,2013/03/12,V,521699,70985
CK,16527459,85608,Krajevna skupnost Mali Slatnik,13.34,2013/03/12,2013/03/12,V,517679,72795
CK,16527483,85611,Krajevna skupnost Otočec,25.21,2013/03/12,2013/03/12,V,514779,80115
CK,16527491,85613,Krajevna skupnost Prečna,8.32,2013/03/12,2013/03/12,V,508059,75555
CK,16527505,85614,Krajevna skupnost Stopiče,17.88,2013/03/12,2013/03/12,V,515040,70486
CK,16527521,119602,Šentjernej,67.57,1997/07/01,1997/07/01,V,526119,77725
CK,16527548,85618,Krajevna skupnost Uršna sela,15.93,2013/03/12,2013/03/12,V,509068,62265
CK,16527564,85620,Krajevna skupnost Bršljin,3.62,2013/03/12,2013/03/12,V,511529,75085
CK,16527572,85622,Krajevna skupnost Drska,4.47,2013/03/12,2013/03/12,V,509729,72555
CK,16527599,85623,Krajevna skupnost Kandija - Grm,1.18,2013/03/12,2013/03/12,V,513519,73205
CK,16527602,85624,Krajevna skupnost Gotna vas,3.58,2013/03/12,2013/03/12,V,513709,71685
CK,16527629,85625,Krajevna skupnost Šmihel,4.68,2013/03/12,2013/03/12,V,511569,71325
CK,16527637,85626,Krajevna skupnost Mestne njive,1.13,2013/03/12,2013/03/12,V,513279,74855
CK,16527645,85627,Krajevna skupnost Ločna-Mačkovec,3.39,2013/03/12,2013/03/12,V,513679,74835
CK,16527653,85628,Krajevna skupnost Regrča vas,2.39,2013/03/12,2013/03/12,V,512819,71345
CK,16527661,85629,Krajevna skupnost Majde Šilc,1.56,2013/03/12,2013/03/12,V,513849,74685
CK,16527670,85630,Krajevna skupnost CENTER,0.44,2013/03/12,2013/03/12,V,512989,74005
CK,16527688,85631,Krajevna skupnost Dolž,16.16,2013/03/12,2013/03/12,V,519169,68215
CK,16527696,90601,Lucija,7.52,1997/07/01,1997/07/01,V,391277,40737
CK,16527700,90602,Nova vas,3.69,1997/07/01,1997/07/01,V,397867,38407
CK,16527718,90603,Piran,1.07,1997/07/01,1997/07/01,V,388317,44187
CK,16527726,90604,Portorož,2.6,1997/07/01,1997/07/01,V,389057,42837
CK,16527734,90605,Sečovlje,18.11,1997/07/01,1997/07/01,V,391861,38216
CK,16527742,90606,Strunjan,3.52,1997/07/01,1997/07/01,V,391187,44737
CK,16527769,94601,Bukovje,43.38,1997/07/01,1997/07/01,V,433228,76837
CK,16527777,94602,Hrašče,6.57,1997/07/01,1997/07/01,V,434137,71225
CK,16527785,94603,Hrenovice,6.51,1997/07/01,1997/07/01,V,432628,70086
CK,16527793,94605,Hruševje,23.05,1997/07/01,1997/07/01,V,430478,69266
CK,16527807,94606,Landol,4.28,1997/07/01,1997/07/01,V,432568,72916
CK,16527815,94607,Planina,38.17,1997/07/01,1997/07/01,V,441818,78636
CK,16527823,94608,Postojna,50.69,1997/07/01,1997/07/01,V,438848,70966
CK,16527831,94609,Prestranek,27.64,1997/07/01,1997/07/01,V,436238,64896
CK,16527840,94610,Razdrto,5.4,1997/07/01,1997/07/01,V,426858,68966
CK,16527858,94611,Studeno,15.19,1997/07/01,1997/07/01,V,436208,76377
CK,16527866,94612,Šmihel pod Nanosom,10.96,1997/07/01,1997/07/01,V,431548,73506
CK,16527874,94613,Veliko Ubeljsko,15.3,1997/07/01,1997/07/01,V,427938,70666
CK,16527939,135601,Krajevna skupnost Dolena,13.88,1999/09/01,1999/09/01,V,563981,134984
CK,16527980,135602,Krajevna skupnost Leskovec,28.13,1999/09/01,1999/09/01,V,572401,133434
CK,16528005,69601,Krajevna skupnost Majšperk,30.65,1999/09/01,1999/09/01,V,556991,134514
CK,16528030,69602,Krajevna skupnost Ptujska gora,21,1999/09/01,1999/09/01,V,558061,133784
CK,16528048,69603,Krajevna skupnost Stoperce,21.25,1999/09/01,1999/09/01,V,554400,127764
CK,16528064,135607,Kraj.skupnost Videm pri Ptuju,11.82,2010/09/15,2010/09/15,V,568740,137075
CK,16528102,102601,Begunje na Gorenjskem,31.54,1997/07/01,1997/07/01,V,437830,137638
CK,16528129,3601,Bled,10.63,1997/07/01,1997/07/01,V,431829,136948
CK,16528137,3602,Bohinjska Bela,34.1,1997/07/01,1997/07/01,V,427479,132448
CK,16528145,102602,Brezje,8.37,1997/07/01,1997/07/01,V,440200,131777
CK,16528161,102603,Kamna Gorica,5.08,1997/07/01,1997/07/01,V,437919,131167
CK,16528170,102604,Kropa,5.61,1997/07/01,1997/07/01,V,438759,128307
CK,16528188,102605,Lancovo,20.36,1997/07/01,1997/07/01,V,434359,132908
CK,16528196,102606,Lesce,8.83,1997/07/01,1997/07/01,V,435069,135938
CK,16528200,102607,Ljubno,6.47,1997/07/01,1997/07/01,V,442330,132487
CK,16528218,102608,Mošnje,3.09,1997/07/01,1997/07/01,V,439310,132837
CK,16528226,102609,Podnart,13.71,1997/07/01,1997/07/01,V,441930,129677
CK,16528234,102610,Radovljica,8.33,1997/07/01,1997/07/01,V,436269,133978
CK,16528242,3603,Ribno,19.81,2014/11/14,2014/11/14,V,431429,135108
CK,16528269,102611,Srednja Dobrava,4.2,1997/07/01,1997/07/01,V,439809,129517
CK,16528277,3604,Zasip,4.87,2014/11/14,2014/11/14,V,431353,139384
CK,16528382,104601,Dolenja vas,57.61,1997/07/01,1997/07/01,V,484148,64606
CK,16528404,66602,Loški potok,53.19,1997/08/26,1997/08/26,V,468078,62486
CK,16528412,104602,Ribnica,65.94,1997/07/01,1997/07/01,V,479048,66586
CK,16528447,104604,Sv.Gregor,14.43,1997/07/01,1997/07/01,V,469828,71726
CK,16528455,104605,Velike Poljane,15.94,1997/07/01,1997/07/01,V,475539,74566
CK,16528498,35601,Artviže,5.71,1997/07/01,1997/07/01,V,424118,52996
CK,16528501,111607,Avber,10.98,1997/07/01,1997/07/01,V,411628,72647
CK,16528510,19601,Barka,10.22,1997/07/01,1997/07/01,V,426078,55996
CV,16528528,49001,Brestovica pri Komnu,12.88,1997/07/01,1997/07/01,V,396707,75837
CK,16528536,19602,Divača,26.25,1997/07/01,1997/07/01,V,419778,60746
CK,16528544,111608,Dutovlje,25.68,1997/07/01,1997/07/01,V,409938,71417
CV,16528552,49004,Gorjansko,12.18,1997/07/01,1997/07/01,V,400227,74287
CK,16528579,35602,Gradišče pri Materiji,6.95,1997/07/01,1997/07/01,V,426728,46256
CK,16528587,35603,Hrpelje,14.19,1997/07/01,1997/07/01,V,417918,52006
CK,16528595,111609,Kazlje,7.25,1997/07/01,1997/07/01,V,415088,69917
CV,16528609,49011,Komen,7.77,1997/07/01,1997/07/01,V,402918,75877
CK,16528617,111610,Lokev,18.35,1997/07/01,1997/07/01,V,416568,58536
CK,16528625,35604,Materija,32.7,1997/07/01,1997/07/01,V,422958,51456
CK,16528633,19603,Misliče,12.64,1997/07/01,1997/07/01,V,426838,54116
CK,16528641,35605,Obrov,48.3,1997/07/01,1997/07/01,V,428668,45146
CK,16528650,35606,Ocizla,7.65,1997/07/01,1997/07/01,V,413718,51636
CK,16528668,111611,Pliskovica,21.54,1997/07/01,1997/07/01,V,402017,71387
CK,16528676,50622,Podgorje,18.27,1997/07/01,1997/07/01,V,418177,43646
CK,16528684,111612,Povir,21.48,1997/07/01,1997/07/01,V,418018,64547
CK,16528692,35607,Prešnica,17.09,1997/07/01,1997/07/01,V,417158,48486
CK,16528706,50623,Rakitovec,9.36,1997/07/01,1997/07/01,V,419497,37156
CK,16528714,35608,Rodik,10.99,1997/07/01,1997/07/01,V,420478,54496
CK,16528722,19604,Senožeče,59.98,1997/07/01,1997/07/01,V,423978,65716
CK,16528749,111601,Sežana,38.98,1997/07/01,1997/07/01,V,412056,63233
CK,16528757,35609,Slivje,19.71,1997/07/01,1997/07/01,V,424678,47056
CV,16528765,49017,Štanjel,3.76,1997/07/01,1997/07/01,V,410178,76587
CK,16528773,111602,Štjak,13.02,1997/07/01,1997/07/01,V,415848,72347
CK,16528781,111603,Štorje,11.65,1997/07/01,1997/07/01,V,418928,66337
CK,16528790,35610,Tatre,6.85,1997/07/01,1997/07/01,V,428708,51286
CK,16528803,111604,Tomaj,20.81,1997/07/01,1997/07/01,V,413138,67027
CK,16528811,111605,Vrabče,21.96,1997/07/01,1997/07/01,V,417778,69037
CK,16528820,19605,Vreme,31.51,1997/07/01,1997/07/01,V,425968,57486
CK,16528838,50621,Zazid,13.25,1997/07/01,1997/07/01,V,416587,40636
CK,16528846,111606,Dane pri Sežani,5.73,1997/07/01,1997/07/01,V,413178,64647
CK,16528854,113601,Črešnjevec,17.93,1997/08/25,1997/08/25,V,548251,134605
CK,16528862,113602,Kebelj,39.97,1997/07/01,1997/07/01,V,530331,144675
CK,16528889,113603,Laporje,21.21,1997/07/01,1997/07/01,V,542681,133635
CK,16528897,113604,Leskovec-Stari Log,6.7,1997/07/01,1997/07/01,V,548911,138985
CK,16528943,113608,Pragersko,7.21,1997/07/01,1997/07/01,V,550862,139750
CK,16528951,113609,Spodnja Polskava,12.93,1997/07/01,1997/07/01,V,546811,142015
CK,16528978,113611,Šmartno na Pohorju,47.09,1997/07/01,1997/07/01,V,541261,143195
CK,16528986,113612,Tinje,37.08,1997/07/01,1997/07/01,V,539011,140645
CK,16528994,113613,Zgornja Ložnica,6.6,1997/07/01,1997/07/01,V,538247,138981
CK,16529001,113614,Zgornja Polskava,13.32,1997/07/01,1997/07/01,V,545331,143085
CK,16529010,113615,Impol,10.26,1997/07/01,1997/07/01,V,541861,140485
CK,16529028,113616,Alfonz Šarh,7.17,1997/07/01,1997/07/01,V,544741,141535
CK,16529036,113617,Pohorski odred,5.62,1997/08/25,1997/08/25,V,541451,138105
CK,16529044,113618,Dr. Jagodiča,19.36,1997/07/01,1997/07/01,V,544231,139115
CK,16529052,113619,Preloge,7.71,1997/07/01,1997/07/01,V,538341,136995
CK,16529079,120601,Blagovna,16.81,1997/07/01,1997/07/01,V,526550,122385
CK,16529095,120603,Dramlje,27.44,1997/07/01,1997/07/01,V,527910,125375
CK,16529109,120604,Gorica pri Slivnici,23.58,1997/07/01,1997/07/01,V,532990,115015
CK,16529117,120605,Kalobje,12.41,1997/07/01,1997/07/01,V,531590,114605
CK,16529125,120606,Loka pri Žusmu,17.75,1997/07/01,1997/07/01,V,539700,113435
CK,16529133,120607,Planina pri Sevnici,42.62,1997/07/01,1997/07/01,V,533810,107355
CK,16529141,120608,Ponikva,30.12,2006/08/16,2006/08/17,V,534790,122655
CK,16529150,120609,Prevorje,13.63,1997/07/01,1997/07/01,V,536821,109486
CK,16529168,120610,Šentjur-mesto,6.77,1997/08/11,1997/08/13,V,530550,119835
CK,16529176,120611,Šentjur - Rifnik,17.18,2006/08/16,2006/08/17,V,528140,118505
CK,16529184,122601,Bukovica - Bukovščica,21.86,1997/07/01,1997/07/01,V,438909,117787
CK,16529192,146601,Davča,23.91,1997/07/01,1997/07/01,V,425549,116007
CK,16529206,146602,Dražgoše,23.9,1997/07/01,1997/07/01,V,436489,123967
CK,16529214,122602,Godešič,5.01,1997/07/01,1997/07/01,V,450389,113837
CK,16529222,27601,Gorenja vas,54.56,1997/07/01,1997/07/01,V,433909,107807
CK,16529249,27602,Javorje,19.58,1997/07/01,1997/07/01,V,438249,114897
CK,16529257,122603,Lenart nad Lušo,10.93,1997/07/01,1997/07/01,V,439159,116407
CK,16529265,122604,Log,18.86,1997/07/01,1997/07/01,V,440279,110337
CK,16529273,27603,Lučine,15.23,2014/11/14,2014/11/14,V,437199,104697
CK,16529281,27604,Poljane nad Škofjo Loko,32.9,2014/11/14,2014/11/14,V,433789,112767
CK,16529290,122605,Reteče - Gorenja vas,4.23,1997/07/01,1997/07/01,V,452061,112931
CK,16529303,146603,Selca,15.55,1997/07/01,1997/07/01,V,437849,122957
CK,16529311,146604,Sorica,29.76,1997/07/01,1997/07/01,V,426669,122148
CK,16529320,27605,Sovodenj,14.8,2014/11/14,2014/11/14,V,426279,103547
CK,16529338,122606,Sveti Duh,6.65,1997/07/01,1997/07/01,V,447849,117047
CK,16529346,27606,Trebija,16.23,2014/11/14,2014/11/14,V,431319,105257
CK,16529354,122607,Zminec,25.48,1997/07/01,1997/07/01,V,444209,113657
CK,16529362,146605,Železniki,66.23,1997/07/01,1997/07/01,V,435131,120175
CK,16529389,122608,Kamnitnik,1.11,1997/07/01,1997/07/01,V,447549,114217
CK,16529397,122609,Stara Loka - Podlubnik,13.11,1997/07/01,1997/07/01,V,445499,116537
CK,16529419,122610,Škofja Loka - mesto,27.87,1997/08/11,1997/08/13,V,446179,114397
CK,16529427,122611,Trata,10.92,1997/07/01,1997/07/01,V,449059,114097
CK,16529443,51601,Buče,8.09,1997/07/01,1997/07/01,V,545320,106264
CK,16529451,106601,Kostrivnica,20.68,1997/07/01,1997/07/01,V,545270,125195
CK,16529460,51602,Kozje,23.55,1997/07/01,1997/07/01,V,543690,103614
CK,16529486,51603,Lesično,19.94,1997/07/01,1997/07/01,V,541550,109205
CK,16529494,124602,Mestinje,6.12,1997/07/01,1997/07/01,V,543310,120485
CK,16529508,51604,Osredek,9.49,1997/07/01,1997/07/01,V,546440,97464
CK,16529516,92604,Podčetrtek,13.42,1997/07/01,1997/07/01,V,546140,113235
CK,16529524,51605,Podsreda,19.3,1997/07/01,1997/07/01,V,546040,102314
CK,16529532,92605,Polje ob Sotli,11.06,1997/07/01,1997/07/01,V,547790,106514
CK,16529559,92606,Pristava pri Mestinju,16.51,1997/07/01,1997/07/01,V,546140,115195
CK,16529567,106603,Rogaška Slatina,41.05,1997/07/01,1997/07/01,V,549210,121504
CK,16529575,124604,Sladka gora,9.44,1997/08/28,1997/08/28,V,542290,125105
CK,16529583,106604,Sv. Florijan,9.64,1997/07/01,1997/07/01,V,553500,124514
CK,16529591,124605,Šentvid pri Grobelnem,15.93,1997/07/01,1997/07/01,V,534660,121085
CK,16529605,124606,Šmarje pri Jelšah,32.32,1997/07/01,1997/07/01,V,539970,121055
CK,16529613,124608,Sveti Štefan,15.4,1997/07/01,1997/07/01,V,538600,114965
CK,16529621,92607,Virštanj,9.15,1997/07/01,1997/07/01,V,543230,109154
CK,16529630,51606,Zagorje,9.39,1997/07/01,1997/07/01,V,537969,106414
CK,16529648,46601,Borjana - Podbela,17.19,1997/07/01,1997/07/01,V,382758,125148
CK,16529656,6601,Bovec,77.25,1997/07/01,1997/07/01,V,388448,134028
CK,16529664,46603,Breginj,35.19,1997/07/01,1997/07/01,V,379618,124898
CK,16529672,6602,Čezsoča,35.02,1997/07/01,1997/07/01,V,388868,131498
CK,16529699,128601,Dolje,6.83,1997/07/01,1997/07/01,V,399578,118758
CK,16529702,46605,Drežnica,36.29,1997/07/01,1997/07/01,V,393908,124508
CK,16529729,128604,Gorenja Trebuša,23.79,1997/07/01,1997/07/01,V,410108,99547
CK,16529737,128602,Grahovo ob Bači,14.21,1997/07/01,1997/07/01,V,413129,114438
CK,16529745,128605,Hudajužna - Obloke,6.04,1997/07/01,1997/07/01,V,416519,115838
CK,16529753,46607,Idrsko,11.19,1997/07/01,1997/07/01,V,390908,122868
CK,16529761,6603,Kal Koritnica,7.87,1997/08/11,1997/08/13,V,390548,133968
CK,16529770,128607,Kneža,37.27,1997/07/01,1997/07/01,V,406278,113228
CK,16529788,46609,Kobarid,14.49,1997/07/01,1997/07/01,V,390348,123948
CK,16529796,46602,Kred - Staro selo,17.96,1997/07/01,1997/07/01,V,385438,123788
CK,16529800,46606,Livek,11.35,1997/07/01,1997/07/01,V,391098,118608
CK,16529818,128608,Ljubinj,16.86,1997/07/01,1997/07/01,V,405298,114958
CK,16529826,6604,Log pod Mangartom,52.55,1997/07/01,1997/07/01,V,392598,141639
CK,16529834,128611,Pečine,4.93,1997/07/01,1997/07/01,V,409678,109857
CK,16529842,128613,Podbrdo,27.92,1997/07/01,1997/07/01,V,420529,120888
CK,16529869,128610,Poljubinj,8.55,1997/07/01,1997/07/01,V,403778,115638
CK,16529877,128612,Ponikve,7.86,1997/07/01,1997/07/01,V,408578,111568
CK,16529885,128614,Rut - Grant,16.81,1997/07/01,1997/07/01,V,413429,119238
CK,16529893,46604,Ladra-Smast-Libušnje,9.57,1997/07/01,1997/07/01,V,392398,123038
CK,16529907,6605,Soča - Trenta,154.78,1997/07/01,1997/07/01,V,404129,138728
CK,16529915,6606,Srpenica,13.42,1997/07/01,1997/07/01,V,384368,129038
CK,16529923,128615,Stržišče,13.9,1997/07/01,1997/07/01,V,418249,120058
CK,16529931,128617,Šentviška Gora,16.44,1997/07/01,1997/07/01,V,410948,108537
CK,16529940,128618,Tolmin,45.31,1997/07/01,1997/07/01,V,402358,116998
CK,16529958,128619,Tolminski Lom,10.12,1997/07/01,1997/07/01,V,403138,110488
CK,16529966,46608,Trnovo ob Soči,10.51,1997/07/01,1997/07/01,V,388498,127688
CK,16529974,128620,Volarje,5.11,1997/07/01,1997/07/01,V,397678,119738
CK,16529982,128621,Volče,30.02,1997/07/01,1997/07/01,V,399208,112658
CK,16530000,46610,Vrsno - Krn,28.81,1997/07/01,1997/07/01,V,396488,125928
CK,16530018,128622,Zatolmin,19.16,1997/07/01,1997/07/01,V,402148,118348
CK,16530026,6607,Žaga,26.58,1997/07/01,1997/07/01,V,383678,131268
CK,16530034,129601,Dobovec,21.62,1997/07/01,1997/07/01,V,506730,107075
CK,16530042,129602,Franc Fakin,2.86,1997/07/01,1997/07/01,V,504890,112685
CK,16530069,129603,Klek,8.38,1997/07/01,1997/07/01,V,502410,114386
CK,16530077,129604,Trbovlje - center,1.63,1997/07/01,1997/07/01,V,503010,112246
CK,16530085,129605,Trbovlje - Čeče,7.26,1997/07/01,1997/07/01,V,505340,114105
CK,16530093,129606,Zasavje,3.45,1997/07/01,1997/07/01,V,503880,109745
CK,16530107,129607,Ivana Kešeta,0.29,1997/07/01,1997/07/01,V,504400,112515
CK,16530115,129608,Franc Salomon,8.34,1997/07/01,1997/07/01,V,500950,116666
CK,16530123,129609,Fric Keršič,0.51,1997/07/01,1997/07/01,V,503790,112215
CK,16530131,129610,Alojz Hohkraut,3.77,1997/07/01,1997/07/01,V,504990,110685
CK,16530140,130601,Čatež,10.91,1997/07/01,1997/07/01,V,496169,91885
CK,16530158,130602,Dobrnič,22.81,1997/07/01,1997/07/01,V,499749,80365
CK,16530166,130603,Dolenja Nemška vas,25.61,1997/07/01,1997/07/01,V,503199,82105
CK,16530174,130604,Knežja vas,10.29,1997/07/01,1997/07/01,V,495229,84235
CK,16530212,130607,Račje Selo,7.17,1997/07/01,1997/07/01,V,500079,88135
CK,16530239,130608,Sela pri Šumberku,16.74,1997/07/01,1997/07/01,V,493539,81935
CK,16530247,130609,Svetinja,9.41,1997/07/01,1997/07/01,V,501089,80575
CK,16530255,130610,Šentlovrenc,9.92,1997/07/01,1997/07/01,V,496509,88675
CK,16530271,130612,Štefan,7.63,1997/07/01,1997/07/01,V,498499,85335
CK,16530298,130614,Trebnje,12.45,1997/07/01,1997/07/01,V,500669,85615
CK,16530301,130615,Velika Loka,11.63,1997/07/01,1997/07/01,V,497509,87845
CK,16530310,130616,Veliki Gaber,18.72,1997/07/01,1997/07/01,V,490979,86986
CK,16530328,131601,Bistrica pri Tržiču,3.94,1997/07/01,1997/07/01,V,445590,135617
CK,16530336,131602,Brezje pri Tržiču,5.39,1997/07/01,1997/07/01,V,443320,135607
CK,16530344,131603,Jelendol,51.65,1997/07/01,1997/07/01,V,448510,139307
CK,16530352,131604,Kovor,6.02,1997/07/01,1997/07/01,V,442710,132547
CK,16530379,131605,Križe,5.94,1997/07/01,1997/07/01,V,448780,133627
CK,16530387,131606,Leše,5.69,1997/07/01,1997/07/01,V,443170,134667
CK,16530395,131607,Lom pod Storžičem,23.09,1997/07/01,1997/07/01,V,448910,137167
CK,16530409,131608,Podljubelj,36.83,1997/07/01,1997/07/01,V,445170,140057
CK,16530417,131609,Pristava,1.12,1997/07/01,1997/07/01,V,445840,134517
CK,16530425,131610,Ravne,1.69,1997/08/25,1997/08/25,V,446140,137617
CK,16530433,131611,Sebenje,3.57,1997/07/01,1997/07/01,V,446080,131847
CK,16530441,131612,Senično,3.44,1997/07/01,1997/07/01,V,447770,131367
CK,16530450,131613,Tržič - mesto,6.99,1997/07/01,1997/07/01,V,446810,136457
CK,16530468,140601,Bevke,7.55,1997/07/01,1997/07/01,V,450469,93967
CK,16530476,140602,Blatna Brezovica,5.64,1997/07/01,1997/07/01,V,448809,92647
CK,16530492,140604,Drenov Grič - Lesno Brdo,6.5,2014/09/04,2014/09/04,V,448259,95507
CK,16530514,140606,Podlipa Smrečje,12.05,2014/09/04,2014/09/04,V,439829,96477
CK,16530522,140607,Sinja Gorica,2.28,1997/07/01,1997/07/01,V,447419,93607
CK,16530549,140608,Stara Vrhnika,7.59,1997/07/01,1997/07/01,V,444209,92987
CK,16530557,140609,Ligojna,5.32,2014/09/04,2014/09/04,V,445519,95097
CK,16530565,140610,Verd,22.04,1997/07/01,1997/07/01,V,448249,89907
CK,16530573,140611,Zaplana,11.16,1997/07/01,1997/07/01,V,440149,93707
CK,16530581,140612,Vrhnika Breg,1.51,2014/09/04,2014/09/04,V,446079,92747
CK,16530590,140613,Vrhnika Center,0.57,2014/09/04,2014/09/04,V,445259,91637
CK,16530603,140614,Vrhnika Vas,16.84,2014/09/04,2014/09/04,V,445109,92017
CK,16530611,142601,Čemšenik,19.55,1997/07/01,1997/07/01,V,498950,115316
CK,16530620,142602,Izlake,12.58,1997/07/01,1997/07/01,V,494360,113716
CK,16530638,142603,Kotredež,7.87,1997/07/01,1997/07/01,V,501450,112146
CK,16530646,142604,Loke-Kisovec,9.59,1997/07/01,1997/07/01,V,498220,109836
CK,16530654,142605,Mlinše-Kolovrat,28.75,1997/07/01,1997/07/01,V,488130,113336
CK,16530662,142606,Podkum,27.38,1997/07/01,1997/07/01,V,502850,103155
CK,16530689,142607,Ravenska vas,4.37,1997/07/01,1997/07/01,V,501470,110486
CK,16530697,142608,Franc Farčnik,1.81,1997/07/01,1997/07/01,V,500590,110336
CK,16530719,142609,Šentlambert,15.7,2014/09/15,2014/09/15,V,496440,107656
CK,16530727,142610,Šentgotard,5.22,1997/07/01,1997/07/01,V,492870,116436
CK,16530735,142611,Jože Marn,4.75,1997/07/01,1997/07/01,V,500210,108126
CK,16530743,142612,Rudnik - Toplice,2.3,1997/07/01,1997/07/01,V,499260,111116
CK,16530956,70601,Bresternica-Gaj,31.13,1997/07/01,1997/07/01,V,544262,159065
CK,16530964,115601,Brunšvik,3.12,1997/07/01,1997/07/01,V,555751,144654
CV,16530999,26001,Dvorjane,5.4,1997/07/01,1997/07/01,V,559239,150513
CK,16531006,98601,Fram,29.81,1997/07/01,1997/07/01,V,548351,146485
CM,16531014,70309,Studenci,3.79,1997/07/01,1997/07/01,V,548172,157695
CM,16531022,70307,Pobrežje,5.71,1997/07/01,1997/07/01,V,552532,157034
CM,16531057,70302,Ivan Cankar,8.22,1997/07/01,1997/07/01,V,551982,160844
CM,16531065,70303,Brezje-Dogoše-Zrkovci,9.8,2002/09/12,2002/09/12,V,554109,154005
CM,16531073,70310,Tabor,3.41,1997/07/01,1997/07/01,V,548682,156335
CK,16531081,70604,Kamnica,18.54,1997/07/01,1997/07/01,V,547022,159625
CV,16531090,26002,Korena,14.39,1997/07/01,1997/07/01,V,558832,155684
CK,16531103,70605,Limbuš,9.14,1997/07/01,1997/07/01,V,542992,156045
CK,16531111,70606,Malečnik-Ruperče,17.02,1997/07/01,1997/07/01,V,553182,159174
CK,16531120,115603,Marjeta-Trniče,8.09,1997/07/01,1997/07/01,V,556371,146274
CM,16531146,70305,Magdalena,1.35,1997/07/01,1997/07/01,V,548712,157065
CM,16531154,70301,Center,6.24,1997/07/01,1997/07/01,V,549372,158294
CK,16531162,70609,Pekre,10.03,1997/07/01,1997/07/01,V,545379,156185
CK,16531189,89603,Pernica,17.82,1997/07/01,1997/07/01,V,554739,162230
CK,16531197,115604,Prepolje,5.13,1997/07/01,1997/07/01,V,558761,145494
CM,16531219,70304,Koroška vrata,2.82,1998/12/02,1998/12/04,V,548522,157885
CK,16531227,98602,Rače,21.49,1997/07/01,1997/07/01,V,552331,146135
CM,16531235,70308,Radvanje,7.6,1997/07/01,1997/07/01,V,546312,155835
CK,16531243,70610,Razvanje,5.52,1997/07/01,1997/07/01,V,548672,152825
CM,16531260,70311,Tezno,6.17,1997/07/01,1997/07/01,V,551352,154634
CV,16531286,26003,Spodnji Duplek,4.84,1997/07/01,1997/07/01,V,557310,152005
CK,16531294,115605,Starše,4.57,1997/07/01,1997/07/01,V,558961,147724
CV,16531308,26005,Zgornji Duplek,6.55,1997/07/01,1997/07/01,V,556232,152434
CK,16531316,115606,Zlatoličje,7.22,1997/07/01,1997/07/01,V,560691,146584
CK,16531324,118601,Ceršak,14.83,1997/07/01,1997/07/01,V,553942,170274
CK,16531332,89602,Jarenina,15.89,1997/07/01,1997/07/01,V,553112,169154
CK,16531359,89604,Pesnica pri Mariboru,18.95,1997/07/01,1997/07/01,V,551429,163585
CK,16531367,118602,Sladki Vrh,11.62,1997/07/01,1997/07/01,V,558683,167320
CV,16531375,55003,Svečina,16.2,1997/07/01,1997/07/01,V,544192,170555
CK,16531383,118603,Šentilj,17.87,1997/07/01,1997/07/01,V,550282,170985
CK,16531391,118604,Velka,20.69,1997/07/01,1997/07/01,V,559732,169524
CV,16531405,55002,Spodnja Kungota,7.43,1997/07/01,1997/07/01,V,549712,163795
CK,16531464,34601,Boben,4.47,1997/07/01,1997/07/01,V,507130,114485
CK,16531472,34604,Rudnik,3.6,1997/07/01,1997/07/01,V,506650,112015
CV,16531499,26006,Zimica,4.05,1997/07/01,1997/07/01,V,557912,155364
CV,16531502,55001,Jurij,12.03,1997/07/01,1997/07/01,V,544142,166625
CV,16531529,7005,Hum,8.95,1997/07/01,1997/07/01,V,389238,95987
CV,16531537,7006,Vipolže,2.23,1997/07/01,1997/07/01,V,386648,93978
CV,16531545,7007,Kozana,3.69,1997/07/01,1997/07/01,V,387718,95858
CV,16531553,7008,Fojana,3.11,1997/07/01,1997/07/01,V,384338,96438
CV,16531561,7010,Neblo,11.8,1997/07/01,1997/07/01,V,385308,98978
CV,16531570,7011,Kožbana,13.18,1997/07/01,1997/07/01,V,386698,101968
CV,16531588,7012,Biljana,1.97,1997/07/01,1997/07/01,V,386728,97158
CV,16531596,7013,Cerovo,4.64,1997/07/01,1997/07/01,V,388708,94607
CK,16531600,7601,Medana,3.29,1997/07/01,1997/07/01,V,385448,94988
CK,16531618,53601,Dovje - Mojstrana,111.32,1997/07/01,1997/07/01,V,419379,148078
CK,16531634,119601,Orehovica,28.48,1997/07/01,1997/07/01,V,521969,79015
CK,16531669,83603,Kokarje,14.54,1997/07/01,1997/07/01,V,494430,129016
CK,16531693,124601,Kristan vrh,7.3,1997/08/28,1997/08/28,V,545330,120555
CK,16531707,124603,Dol - Sp. Mestinje,1.6,1997/08/28,1997/08/28,V,544940,117925
CV,16531715,88002,Papeži,11.42,1997/07/01,1997/07/01,V,477138,46926
CV,16531723,88003,Podvrh-Padovo,7.54,1997/07/01,1997/07/01,V,477878,44186
CV,16531731,88004,Ribjek-Bosljiva Loka,15.36,1997/07/01,1997/07/01,V,478978,43686
CV,16531740,91001,Buje,5.19,1997/07/01,1997/07/01,V,428888,57696
CV,16531758,91002,Čepno,2.25,1997/07/01,1997/07/01,V,429608,59386
CV,16531766,91003,Dolnja Košana,1.55,1997/07/01,1997/07/01,V,431715,58747
CV,16531774,91004,Drskovče,2.39,1997/07/01,1997/07/01,V,439358,57606
CV,16531782,91005,Gornja Košana,8.77,1997/07/01,1997/07/01,V,430968,58746
CV,16531804,91006,Gradec,0.59,1997/07/01,1997/07/01,V,436488,61906
CV,16531812,91007,Jurišče,36.8,1997/07/01,1997/07/01,V,445078,58676
CV,16531839,91008,Kal,7.35,1997/07/01,1997/07/01,V,434928,59156
CV,16531847,91009,Klenik,3.43,1997/07/01,1997/07/01,V,439228,60166
CV,16531855,91010,Mala Pristava,3.08,1997/07/01,1997/07/01,V,434568,56716
CV,16531863,91011,Nadanje selo,1.37,1997/07/01,1997/07/01,V,435838,56556
CV,16531871,91012,Narin,6.56,1997/07/01,1997/07/01,V,437188,56296
CV,16531880,91013,Neverke,3.36,1997/07/01,1997/07/01,V,432778,58816
CV,16531898,91014,Nova Sušica,2.79,1997/07/01,1997/07/01,V,433458,57446
CV,16531901,91015,Palčje,30.56,1997/07/01,1997/07/01,V,442138,59826
CV,16531910,91016,Parje,3.78,1997/07/01,1997/07/01,V,439038,58396
CV,16531928,91017,Petelinje,2.38,1997/07/01,1997/07/01,V,437388,61416
CV,16531936,91018,Pivka,6.33,1997/07/01,1997/07/01,V,437398,60376
CV,16531944,91019,Ribnica,3.06,1997/07/01,1997/07/01,V,435188,54486
CV,16531952,91020,Selce,10.32,1997/07/01,1997/07/01,V,436818,62786
CV,16531979,91021,Slovenska vas,4.4,1997/07/01,1997/07/01,V,438678,62736
CV,16531987,91023,Suhorje,5.65,1997/07/01,1997/07/01,V,430228,55736
CV,16531995,91024,Šmihel,2.02,1997/07/01,1997/07/01,V,436078,57276
CV,16532002,91025,Tabor nad Knežakom,0.95,1997/07/01,1997/07/01,V,438298,56866
CV,16532029,91026,Trnje,39.52,1997/07/01,1997/07/01,V,439628,61016
CV,16532037,91027,Velika Pristava,3.56,1997/07/01,1997/07/01,V,436398,57856
CV,16532045,91029,Zagorje,7.59,1997/07/01,1997/07/01,V,439418,55986
CK,16532053,146606,Dolenja vas,4.45,1997/07/01,1997/07/01,V,440234,119783
CK,16532070,132603,Nedelica,4.96,1997/07/01,1997/07/01,V,602796,164146
CK,16532088,132604,Renkovci,4.52,1997/07/01,1997/07/01,V,598898,167361
CK,16532487,60606,Krajevna skupnost Konjšica,9.13,2004/04/14,2004/04/14,V,497830,106396
CV,16532495,49003,Gabrovica pri Komnu,6.19,1997/07/01,1997/07/01,V,405158,74807
CV,16532509,49005,Gornja Branica,4.93,1997/07/01,1997/07/01,V,412678,75487
CV,16532517,49006,Hruševica,3.99,1997/07/01,1997/07/01,V,408928,75197
CV,16532525,49008,Klanec,1.02,1997/07/01,1997/07/01,V,398497,75447
CV,16532533,49009,Kobdilj,5.81,1997/07/01,1997/07/01,V,410788,75767
CV,16532541,49010,Kobjeglava,9.57,1997/07/01,1997/07/01,V,407278,75807
CV,16532550,49012,Lisjaki,0.7,1997/07/01,1997/07/01,V,409578,78027
CV,16532568,49013,Lukovec,1.18,1997/07/01,1997/07/01,V,407958,78187
CV,16532576,49015,Sveto,5.46,1997/07/01,1997/07/01,V,401408,76847
CV,16532584,49016,Škrbina,8.74,1997/07/01,1997/07/01,V,402428,78127
CV,16532592,49018,Tomačevica,4.21,1997/07/01,1997/07/01,V,404668,75937
CV,16532606,49019,Volčji Grad,4.81,1997/07/01,1997/07/01,V,402879,74168
CK,16532614,17608,Sinji vrh,23.42,1997/07/01,1997/07/01,V,512308,32725
CV,16532622,12001,Adergas,2.24,1997/07/01,1997/07/01,V,458430,125317
CV,16532649,12002,Ambrož pod Krvavcem,8.87,1997/07/01,1997/07/01,V,463610,126297
CV,16532657,12003,Apno,0.97,1997/07/01,1997/07/01,V,463960,124347
CV,16532665,12004,Cerklje na Gorenjskem,1.86,1997/07/01,1997/07/01,V,460330,123357
CV,16532673,12005,Češnjevek,2.71,1997/07/01,1997/07/01,V,458990,124887
CV,16532681,12006,Dvorje,1.99,1997/07/01,1997/07/01,V,460420,124637
CV,16532690,12007,Grad,3.46,1997/07/01,1997/07/01,V,460930,124847
CV,16532703,12008,Lahovče,4.98,1997/07/01,1997/07/01,V,461750,119927
CV,16532711,12009,Poženik,1.83,1997/07/01,1997/07/01,V,462360,123757
CV,16532720,12010,Praprotna Polica,4.31,1997/07/01,1997/07/01,V,457760,123997
CV,16532738,12011,Pšata,1.73,1997/07/01,1997/07/01,V,462010,124587
CV,16532746,12012,Pšenična Polica,1.48,1997/07/01,1997/07/01,V,461330,123237
CV,16532754,12013,Ravne,0.55,1997/07/01,1997/07/01,V,463130,124987
CV,16532762,12014,Sidraž,1.16,1997/07/01,1997/07/01,V,466290,124657
CV,16532789,12015,Spodnji Brnik,5.32,1997/07/01,1997/07/01,V,460540,121357
CV,16532797,12016,Stiška vas,2.61,1997/07/01,1997/07/01,V,461980,126407
CV,16532819,12017,Sveti Lenart,2.37,1997/07/01,1997/07/01,V,465500,125387
CV,16532827,12018,Šenturška gora,3.95,1997/07/01,1997/07/01,V,466270,123017
CV,16532835,12019,Šmartno,2.79,1997/07/01,1997/07/01,V,462650,123117
CV,16532843,12020,Štefanja gora,4.02,1997/07/01,1997/07/01,V,460230,127567
CV,16532851,12021,Vašca,2.03,1997/07/01,1997/07/01,V,459860,123637
CV,16532860,12022,Velesovo,1.72,1997/07/01,1997/07/01,V,457770,125577
CV,16532878,12023,Vopovlje,1.14,1997/07/01,1997/07/01,V,461010,120867
CV,16532886,12024,Zalog pri Cerkljah,7.08,1997/07/01,1997/07/01,V,464480,121577
CV,16532894,12025,Zgornji Brnik,6.81,1997/07/01,1997/07/01,V,460349,122350
CV,16532916,117001,Luže,1.22,2003/06/12,2003/06/12,V,456330,125247
CV,16532924,117002,Prebačevo,1.75,2003/06/12,2003/06/12,V,453139,119597
CK,16532932,90607,Sv. Peter,4.06,1997/07/01,1997/07/01,V,397127,37137
CK,16532959,90608,Padna,2.94,1997/07/01,1997/07/01,V,397157,39907
CM,16532967,96301,"Četrt Rogoznica,Slovenskogoriška cesta 18",20.43,2010/09/08,2010/09/08,V,569911,146364
CM,16532975,96302,"Četrt Grajena, Grajena 57",21.11,2010/09/08,2010/09/08,V,564511,146604
CM,16533009,96305,"Četrt Jezero, Belšakova ulica 20a",4.39,2010/09/08,2010/09/08,V,568481,142144
CM,16533017,96306,"Četrt Breg-Turnišče,Mestni trg 1",8.13,2010/09/08,2010/09/08,V,566061,141254
CM,16533025,96307,"Četrt Panorama,Vičava 46",4.8,2010/09/08,2010/09/08,V,565011,144164
CM,16533033,96309,"Četrt Center,Jadranska ulica 6",1.08,2010/09/08,2010/09/08,V,566631,142654
CM,16533041,96308,"Četrt Ljudski vrt, Rimska ploščad 24",2.07,2010/09/08,2010/09/08,V,567020,144430
CK,16533050,194607,Krajevna skupnost Javorje,5.5,2004/02/10,2004/02/10,V,487939,95896
CK,16533084,33604,Domanjševci,11.58,1997/07/01,1997/07/01,V,598312,183523
CK,16533092,105602,Sveti Jurij,3.92,1997/07/01,1997/07/01,V,579103,184793
CK,16533203,63601,Krištanci-Šalinci-Grlava,4.23,1997/07/01,1997/07/01,V,589832,158283
CK,16533220,43607,Motnik,11.17,1997/07/01,1997/07/01,V,492510,120026
CK,16533238,43611,Sela pri Kamniku,10.04,1997/07/01,1997/07/01,V,476890,122156
CK,16533246,43619,Vranja Peč,8.98,1997/07/01,1997/07/01,V,472930,119286
CK,16533254,43625,Zaprice,0.43,1997/07/01,1997/07/01,V,469010,119997
CV,16533262,88001,Osilnica,1.91,1997/07/01,1997/07/01,V,476428,43266
CK,16533289,50602,Bertoki,6.02,1997/07/01,1997/07/01,V,404327,44987
CK,16533297,50607,Gradin,28.29,1997/07/01,1997/07/01,V,408117,33706
CK,16533319,50611,Sv. Anton,7.06,1997/07/01,1997/07/01,V,409027,43567
CK,16533327,50617,Olmo-Prisoje,6.43,1997/07/01,1997/07/01,V,399657,43237
CK,16533335,52603,Britof,2.23,1997/07/01,1997/07/01,V,452950,125217
CK,16533343,52619,Predoslje,7.73,1997/07/01,1997/07/01,V,452370,124807
CK,16533351,117605,Voglje,6.52,1997/07/01,1997/07/01,V,456439,119647
CK,16533360,52623,Čirče,2.15,1997/07/01,1997/07/01,V,451509,121287
CK,16533378,54603,Gora,9.24,1997/07/01,1997/07/01,V,534079,91385
CK,16533386,54607,Leskovec pri Krškem,18.73,1997/07/01,1997/07/01,V,535569,86665
CK,16533394,54616,Veliki Podlog,14.9,1997/07/01,1997/07/01,V,537219,84635
CK,16533408,57605,Rečica pri Laškem,21.16,1997/07/01,1997/07/01,V,515860,114815
CK,16533467,60604,Krajevna skupnost Hotič,7.25,2004/04/14,2004/04/14,V,484989,106896
CK,16533475,60608,Krajevna skupnost Polšnik,35.04,2004/04/14,2004/04/14,V,496980,103166
CK,16533483,10603,Tišina,27.54,1997/07/01,1997/07/01,V,584012,168203
CM,16533491,80303,Park,3.19,1997/07/01,1997/07/01,V,588732,170523
CK,16533505,31601,Šulinci,34.62,1997/07/01,1997/07/01,V,589813,189503
CK,16533513,84602,Krajevna skupnost Branik,21.18,2014/09/03,2014/09/03,V,409078,78767
CK,16533521,84605,Krajevna skupnost Gradišče,1.73,2014/09/03,2014/09/03,V,399178,83987
CK,16533530,44607,Lig,18.43,1997/07/01,1997/07/01,V,392478,106958
CV,16533548,7003,Vedrijan,1.78,1997/07/01,1997/07/01,V,387138,98238
CK,16533556,84614,Krajevna skupnost Prvačina,4.58,2014/09/03,2014/09/03,V,400898,83907
CK,16533564,84617,Krajevna skupnost Solkan,8.5,2014/09/03,2014/09/03,V,393328,96907
CK,16533572,84619,Krajevna skupnost Trnovo,25.75,2014/09/03,2014/09/03,V,404788,95247
CK,16533602,85612,Krajevna skupnost Podgrad,35.34,2013/03/12,2013/03/12,V,513359,65705
CK,16533637,85621,Krajevna skupnost Žabja vas,1.13,2013/03/12,2013/03/12,V,514229,73555
CK,16533645,124607,Tinsko,5.47,1997/07/01,1997/07/01,V,542470,115085
CK,16533653,124609,Zibika,11.29,1997/07/01,1997/07/01,V,541200,117165
CK,16533661,128603,Dolenja Trebuša,30.22,1997/07/01,1997/07/01,V,410218,106672
CK,16533670,128606,Kamno - Selce,10.06,1997/07/01,1997/07/01,V,395838,120768
CK,16533688,128609,Most na Soči,18.71,1997/07/01,1997/07/01,V,402508,111888
CK,16533696,128616,Slap ob Idrijci,7.15,1997/07/01,1997/07/01,V,407608,109627
CM,16533700,70306,Nova vas,1,1997/07/01,1997/07/01,V,548248,155771
CK,16533718,115602,Loka-Rošnja,6.1,1997/07/01,1997/07/01,V,556031,150024
CV,16533742,26004,Vurberk,4.57,1997/07/01,1997/07/01,V,560531,149944
CK,16533769,89601,Jakobski Dol,23.22,1997/07/01,1997/07/01,V,556332,164044
CV,16533777,55004,Zgornja Kungota,13.31,1997/07/01,1997/07/01,V,547012,166765
CK,16533785,34603,Steklarna,4.09,1997/07/01,1997/07/01,V,506630,108905
CV,16533793,7004,Kojsko,3.41,1997/07/01,1997/07/01,V,390378,97367
CV,16533807,7009,Višnjevik,4.49,1997/07/01,1997/07/01,V,386278,98888
CV,16533815,7014,Dobrovo,2.31,1997/07/01,1997/07/01,V,386108,96508
CV,16533823,91022,Stara Sušica,4.18,1997/07/01,1997/07/01,V,432358,57576
CV,16533831,91028,Volče,13.56,1997/07/01,1997/07/01,V,429768,61566
CK,16533840,132602,Gomilica,6.31,1997/07/01,1997/07/01,V,600605,163066
CV,16533963,49007,Ivanji Grad,4.97,1997/07/01,1997/07/01,V,399698,76237
CV,16533971,49014,Mali Dol,1.59,1997/07/01,1997/07/01,V,404568,77037
CK,16565750,114601,Bezina,3.81,1998/01/14,1998/01/20,V,533301,135495
CK,16565768,114602,Vešenik-Brdo,2.06,1998/01/14,1998/01/20,V,533701,134365
CK,16565776,114603,Draža vas,2.45,1998/01/14,1998/01/20,V,537051,132425
CK,16565784,114604,Dobrava-Gabrovlje,0.82,1998/01/14,1998/01/20,V,531275,134485
CK,16565792,114605,Jernej,14,1998/01/14,1998/01/20,V,540401,132795
CK,16565806,114606,Konjiška vas,6.85,1998/01/14,1998/01/20,V,534401,132715
CK,16565814,114607,Loče,13.64,1998/01/14,1998/01/20,V,538061,129275
CK,16565822,114608,Polene,2.9,2010/09/07,2010/09/07,V,529811,134005
CK,16565849,114609,Slovenske Konjice,10.45,1998/01/14,1998/01/20,V,532451,133315
CK,16565857,114610,Sojek-Kamna gora,5.08,1998/01/14,1998/01/20,V,529151,131635
CK,16565865,114611,Spodnje Grušovje,2.85,1998/01/14,1998/01/20,V,538531,134175
CK,16565873,114612,Špitalič,12.31,1998/01/14,1998/01/20,V,531831,130025
CK,16565881,114613,Tepanje,5.03,1998/01/14,1998/01/20,V,536381,133935
CK,16565890,114614,Zbelovo,7.93,1998/01/14,1998/01/20,V,540502,127714
CK,16565903,114615,Zeče,2.84,1998/01/14,1998/01/20,V,530611,134165
CK,16565911,114616,Žiče,4.67,1998/01/14,1998/01/20,V,537046,130301
CV,16565938,137001,Bezen,10.98,1998/01/14,1998/01/20,V,520131,137655
CV,16565946,137002,Hudinja,16.81,1998/01/14,1998/01/20,V,523661,141675
CV,16565954,137003,Paka-del,8.65,1998/01/14,1998/01/20,V,521851,140595
CV,16565962,137004,Ljubnica,6.02,1998/01/14,1998/01/20,V,525281,139085
CV,16565989,137005,Skomarje-del,1.85,1998/01/14,1998/01/20,V,524451,139515
CV,16565997,137006,Spodnji Dolič,6.79,1998/01/14,1998/01/20,V,520091,140805
CV,16566004,137007,Stenica,6.5,1998/01/14,1998/01/20,V,524231,137745
CV,16566012,137008,Trška skupnost Vitanje,1.73,1998/01/14,1998/01/20,V,522431,137955
CK,16566039,144601,Gorenje,15.4,1998/01/14,1998/01/20,V,530191,141535
CK,16566047,144602,Dobrovlje,1.48,1998/01/14,1998/01/20,V,530801,135405
CK,16566055,144603,Resnik,12.11,1998/01/14,1998/01/20,V,527761,144165
CK,16566063,144604,Skomarje,7.78,1998/01/14,1998/01/20,V,526171,141515
CK,16566071,144605,Stranice,16.06,1998/01/14,1998/01/20,V,528131,136045
CK,16566080,144606,Zreče,14.17,1998/01/14,1998/01/20,V,529861,137375
CK,16687570,120602,Vrbno - podgrad,3.53,2006/08/16,2006/08/17,V,528080,120175
CK,16687634,120612,Grobelno,7.77,2006/08/16,2006/08/17,V,534573,117585
CK,16687812,120613,Dolga gora,2.79,2006/08/16,2006/08/17,V,538831,126395
CK,16785644,107601,Dobovec pri Rogatcu,18.48,1997/08/28,1997/08/28,V,558150,121964
CK,16785652,107602,Donačka gora,14.77,1997/08/28,1997/08/28,V,556380,124504
CK,16785679,107603,Rogatec,6.25,1997/08/28,1997/08/28,V,552660,121164
CK,16804819,124610,Lemberg,2.8,2002/10/22,2002/10/28,V,543130,124795
CK,16812862,92608,OLIMJE,10.44,2014/11/19,2014/11/19,V,543960,112825
CK,16897426,127601,Svetina,11.63,1998/07/29,1998/07/29,V,525000,116835
CK,16897442,139602,Frankolovo,21.3,1998/07/29,1998/07/30,V,524221,135545
CK,16897469,139603,Nova Cerkev,23.44,1998/07/29,1998/07/30,V,520341,134735
CK,16897477,139604,Vojnik,30.61,1998/07/29,1998/07/30,V,523510,128215
CK,16905046,11601,Aljažev hrib,3.48,1999/02/24,1999/02/26,V,522110,120905
CK,16905054,11602,Ljubečna,9.36,1999/02/24,1999/02/26,V,524910,123975
CK,16905062,11603,Medlog,5.35,1999/02/24,1999/02/26,V,517774,123034
CK,16905089,11604,Ostrožno,7.5,1999/02/24,1999/02/26,V,519650,124625
CK,16905097,11605,Pod gradom,22.02,1999/02/24,1999/02/26,V,520050,119265
CK,16905119,11606,Škofja vas,7,1999/02/24,1999/02/26,V,522190,125565
CK,16905127,11607,Šmartno v Rožni dolini,20.49,1999/02/24,1999/02/26,V,518710,128345
CK,16905135,11608,Teharje,5.4,1999/02/24,1999/02/26,V,523850,121915
CK,16905143,11609,Trnovlje,3.06,1999/02/24,1999/02/26,V,522590,123665
CK,16922811,38621,Jasen,2.26,2003/04/22,2003/04/22,V,442288,46676
CK,17147366,94614,Krajevna skupnost Slavina,6.87,2006/07/28,2006/08/10,V,435968,63896
CK,17148796,94615,Orehek,9.09,2014/09/12,2014/09/12,V,434168,68036
CK,17148800,94616,Krajevna skupnost Štivan,6.76,2018/07/27,2018/07/27,V,437058,67058
CK,17148818,38622,Bač,26.55,2018/10/01,2018/10/01,V,441908,55186
CV,17247689,49002,Brje,2.87,1997/08/11,1997/08/13,V,400277,72437
CK,17254189,35611,Vrhpolje,6.5,2000/04/19,2000/04/19,V,416568,54716
CK,17254197,35612,Krvavi potok,3.97,2000/04/19,2000/04/19,V,415118,53346
CK,17254219,35613,Kozina,2.96,2000/04/19,2000/04/19,V,417052,52683
CK,17254227,35614,Brezovica,3.17,2000/04/19,2000/04/19,V,422248,51796
CK,17258222,35615,Klanec pri Kozini,8.01,2002/07/26,2002/08/29,V,416208,50936
CK,17268503,19606,Dolnje Ležeče,4.47,2014/08/07,2014/08/07,V,420628,60266
CK,17369598,53604,"""Rute"" - Gozd Martuljek, Srednji vrh",57.85,2006/09/11,2006/09/11,V,409879,150308
CK,17369709,53605,Podkoren,13.66,2014/09/04,2014/09/04,V,404629,151268
CK,17473913,95601,Bašelj,6.45,1999/04/09,1999/04/12,V,453910,130807
CK,17473921,95604,Mače,10.05,1999/04/09,1999/04/12,V,455580,129937
CK,17473930,95606,Tupaliče,10.68,1999/04/09,1999/04/12,V,455780,127907
CK,17495917,52626,Hrastje,2.93,2002/07/11,2002/07/11,V,452149,120387
CV,17516507,117003,Hotemaže,1.33,2010/09/07,2010/09/07,V,455390,126907
CK,17577778,4601,Bohinjska Bistrica,134.43,1997/12/11,1997/12/11,V,419259,126588
CK,17577786,4602,Koprivnik - Gorjuše,29.25,1997/12/11,1997/12/11,V,421559,130678
CK,17577794,4603,Srednja vas v Bohinju,39.38,1997/12/11,1997/12/11,V,417999,130818
CK,17577808,4604,Stara Fužina,130.78,1997/12/11,1997/12/11,V,412809,129218
CK,17585975,102612,Otok,3.04,2001/03/13,2001/03/13,V,438750,134787
CK,17589121,3605,Rečica,2.99,2014/11/14,2014/11/14,V,430539,137528
CK,17798359,23601,Dob,14.63,1997/11/25,1997/11/26,V,471269,112776
CK,17798367,23602,Dragomelj - Pšata,4.44,1997/11/25,1997/11/26,V,468399,107806
CK,17798375,23603,Homec - Nožice,2.29,1997/11/25,1997/11/26,V,468960,115296
CK,17798383,23604,Ihan,11.87,1997/11/25,1997/11/26,V,470819,107686
CK,17798391,23605,Jarše - Rodica,1.73,1997/11/25,1997/11/26,V,468879,112496
CK,17798405,23606,Krtina,7.97,1997/11/25,1997/11/26,V,474289,111586
CK,17798413,23607,Preserje,1.17,1997/11/25,1997/11/26,V,468759,114506
CK,17798421,23608,Radomlje,4.27,1997/11/25,1997/11/26,V,469960,114826
CK,17798448,23610,Rova,10.03,1997/11/25,1997/11/26,V,473470,115786
CK,17798456,23611,Toma Brejca - Vir,2.86,2020/10/19,2020/10/19,V,469529,112606
CK,17798464,23612,Domžale - Slavka Šlandra,2.5,2020/10/19,2020/10/19,V,469009,111276
CK,17798472,23613,Domžale - Simona Jenka,4.11,1997/11/25,1997/11/26,V,468809,110176
CK,17798499,23614,Domžale - Venclja Perka,4.41,1997/11/25,1997/11/26,V,468129,111036
CK,17798618,77601,Moravče,31.12,1998/02/10,1998/02/12,V,480209,110796
CK,17798626,77602,Peče,11.05,1998/02/10,1998/02/12,V,486380,111836
CK,17798634,77603,Vrhpolje,9.07,1998/02/10,1998/02/12,V,477549,109556
CK,17798642,77604,Velika Vas,6.7,1998/02/10,1998/02/12,V,480979,107816
CK,17798669,77605,Dešen,3.41,1998/02/10,1998/02/12,V,483509,108816
CK,17798758,68601,Blagovica,14.07,1998/03/05,1998/03/05,V,484750,115886
CK,17798766,68602,Češnjice,2.74,1998/03/05,1998/03/05,V,482710,116936
CK,17798774,68603,Krašnja,10.98,1998/03/05,1998/03/05,V,479740,115236
CK,17798782,68604,Lukovica,12.13,1998/03/05,1998/03/05,V,476000,114356
CK,17798804,68605,Prevoje,4.88,1998/03/05,1998/03/05,V,474510,113116
CK,17798812,68606,Rafolče,3.81,1998/03/05,1998/03/05,V,474430,115416
CK,17798839,68607,Trojane,18.38,1998/03/05,1998/03/05,V,489680,116316
CK,17798847,68608,Zlato Polje,7.85,1998/03/05,1998/03/05,V,478380,117066
CV,17907581,20001,Bruhanja vas,4.27,1997/09/01,1997/09/05,V,477029,77606
CV,17907590,20002,Cesta,4.4,1997/09/01,1997/09/05,V,476039,80096
CV,17907603,20003,Čatež pri Strugah,1.44,1997/09/01,1997/09/05,V,480548,73306
CV,17907611,20004,Hočevje,8.54,1997/09/01,1997/09/05,V,480779,81246
CV,17907620,20005,Kolenča vas,0.36,1997/09/01,1997/09/05,V,481698,71856
CV,17907638,20006,Kompolje,12.02,1997/09/01,1997/09/05,V,477369,75976
CV,17907646,20007,Lipa,4.28,1997/09/01,1997/09/05,V,482388,71626
CV,17907654,20008,Mala vas,3.84,1997/09/01,1997/09/05,V,477069,79236
CV,17907662,20009,Paka,0.11,1997/09/01,1997/09/05,V,482248,71206
CV,17907689,20010,Podgora,3.33,1997/09/01,1997/09/05,V,476869,76366
CV,17907697,20011,Podgorica,0.88,1997/09/01,1997/09/05,V,476799,78286
CV,17907719,20012,Podpeč,2.98,1997/09/01,1997/09/05,V,475659,77836
CV,17907727,20013,Podtabor,2.75,1997/09/01,1997/09/05,V,482078,70816
CV,17907743,20015,Ponikve,7.35,1997/09/01,1997/09/05,V,472949,80286
CV,17907751,20016,Potiskovec,4.17,1997/09/01,1997/09/05,V,481308,72006
CV,17907760,20017,Predstruge,3.64,1997/09/01,1997/09/05,V,475229,79596
CV,17907778,20018,Pri cerkvi - Struge,3.22,1997/09/01,1997/09/05,V,483128,71366
CV,17907786,20019,Rapljevo,15.31,1997/09/01,1997/09/05,V,483278,70026
CV,17907794,20020,Tisovec,4.6,1997/09/01,1997/09/05,V,482079,75416
CV,17907808,20021,Tržič,0.89,1997/09/01,1997/09/05,V,481928,71666
CV,17907816,20022,Videm,2.39,1997/09/01,1997/09/05,V,475969,79006
CV,17907824,20023,Vodice,2.44,1997/09/01,1997/09/05,V,474259,82736
CV,17907832,20024,Zagorica,6.07,1997/09/01,1997/09/05,V,477889,78196
CV,17907859,20025,Zdenska vas,3.86,1997/09/01,1997/09/05,V,477130,79797
CK,17907867,32601,Grosuplje,16.09,1997/09/01,1997/09/05,V,473349,90646
CK,17907875,32602,Ilova Gora,7.03,1997/09/01,1997/09/05,V,478549,83716
CK,17907883,32603,Mlačevo,8.46,1997/09/01,1997/09/05,V,475349,88466
CK,17907891,32604,Št. Jurij,19.17,1997/09/01,1997/09/05,V,470829,88126
CK,17907905,32605,Polica,22.35,1997/09/01,1997/09/05,V,476309,93656
CK,17907913,32606,Račna,12.4,1997/09/01,1997/09/05,V,475949,84976
CK,17907921,32607,Spodnja Slivnica,4.73,1997/09/01,1997/09/05,V,473339,87736
CK,17907930,32608,Škocjan,11.74,1997/09/01,1997/09/05,V,471679,83826
CK,17907948,32609,Šmarje - Sap,15.48,1997/09/01,1997/09/05,V,469839,92986
CK,17907956,32610,Žalna,16.39,1997/09/01,1997/09/05,V,478059,87366
CK,17907964,39601,Ambrus,26.91,1997/09/01,1997/09/05,V,486319,77386
CK,17907972,39602,Dob pri Šentvidu,17.94,1997/09/01,1997/09/05,V,488999,86706
CK,17907999,39603,Ivančna Gorica,12.17,1997/09/01,1997/09/05,V,484719,88636
CK,17908006,39604,Krka,29.03,1997/09/01,1997/09/05,V,483389,81776
CK,17908014,39605,Metnaj,16.86,1997/09/01,1997/09/05,V,484699,94096
CK,17908022,39606,Muljava,18.54,1997/09/01,1997/09/05,V,482629,85416
CK,17908049,39608,Stična,8.5,1997/09/01,1997/09/05,V,484499,90116
CK,17908057,39609,Šentvid pri Stični,22.95,1997/09/01,1997/09/05,V,487819,89966
CK,17908065,39610,Temenica,14.99,1997/09/01,1997/09/05,V,491299,92116
CK,17908073,39611,Višnja Gora,32.9,1997/09/01,1997/09/05,V,480019,90936
CK,17908081,39612,Zagradec,20.52,1997/09/01,1997/09/05,V,487109,80076
CK,17908090,39607,Sobrače,5.7,1997/09/01,1997/09/05,V,490379,94336
CK,18245159,60611,Krajevna skupnost Spodnji Log,7.6,2004/04/14,2004/04/14,V,491609,104966
CK,18245957,194601,Krajevna skupnost Jablaniška dolina,11.39,2004/02/10,2004/02/10,V,489329,101316
CK,18245965,194603,Krajevna skupnost Liberga,7.3,2004/02/10,2004/02/10,V,491249,98886
CK,18245973,194604,Krajevna skupnost Razbore,3.6,2004/02/10,2004/02/10,V,493059,95466
CK,18245981,194608,Krajevna skupnost Zavrstnik,5.24,2004/02/10,2004/02/10,V,486169,100536
CK,18246112,60601,Krajevna skupnost Breg - Tenetiše,2.83,2004/04/14,2004/04/14,V,488519,102716
CK,18351684,8601,Brezovica,6.61,1997/11/13,1997/11/14,V,454229,97657
CK,18351692,8602,Notranje Gorice,13.1,1997/11/13,1997/11/14,V,453129,95597
CK,18351706,8603,Preserje,41.45,1997/11/13,1997/11/14,V,453779,91036
CK,18351714,8604,Rakitna,21.06,1997/11/13,1997/11/14,V,456259,83316
CK,18351722,8605,Vnanje Gorice,8.96,1997/11/13,1997/11/14,V,454749,96297
CK,18351749,21601,Črni Vrh,21.31,1997/11/13,1997/11/14,V,442699,105617
CK,18351757,21602,Dobrova,32.56,1997/11/13,1997/11/14,V,454689,101667
CK,18351773,21604,Polhov Gradec,45.36,1997/11/13,1997/11/14,V,447479,102887
CK,18351781,21605,Šentjošt,18.36,1997/11/13,1997/11/14,V,439269,101217
CK,18351790,71602,Medvode - center,2.1,2000/11/30,2001/01/04,V,454779,111107
CK,18351803,71603,Pirniče,9.28,2000/11/30,2001/01/04,V,456269,111047
CK,18351811,71607,Smlednik,15.4,2000/11/30,2001/01/04,V,456309,114757
CK,18351820,71609,Trnovec,6.62,2000/11/30,2001/01/04,V,449829,107467
CK,18351838,71604,Preska - Žlebe,7.77,2014/09/02,2014/09/02,V,454449,109357
CK,18351846,71605,Senica,1.93,2000/11/30,2001/01/04,V,452859,112537
CK,18351854,71608,Sora,8.29,2000/11/30,2001/01/04,V,451559,111427
CK,18351862,71610,Vaše Goričane,1.92,2000/11/30,2001/01/04,V,453419,111187
CK,18351889,71611,Zbilje,2.37,2000/11/30,2001/01/04,V,454669,113307
CK,18351897,22601,Beričevo,4.05,1997/11/13,1997/11/14,V,469709,105436
CK,18351919,22602,Dol,8.15,1997/11/13,1997/11/14,V,472449,105406
CK,18351927,22603,Dolsko,17.3,1997/11/13,1997/11/14,V,475189,106066
CK,18351935,22604,Klopce,3.84,1997/11/13,1997/11/14,V,476779,107356
CK,18351960,123601,Lavrica,11.67,1997/11/13,1997/11/14,V,465999,95246
CK,18351978,123603,Škofljica,14.27,1997/11/13,1997/11/14,V,466879,94286
CK,18351986,123604,Želimlje,8.35,1997/11/13,1997/11/14,V,466529,87236
CK,18351994,123602,Pijava Gorica,9.31,1997/11/13,1997/11/14,V,466829,90266
CK,18431840,71606,Seničica - Golo brdo,8.69,2000/11/30,2001/01/04,V,455609,109877
CK,18431858,71601,Katarina,7.79,2000/11/30,2001/01/04,V,451099,106687
CV,18431866,71001,Studenčice,2.93,2000/11/30,2001/01/04,V,451909,109567
CV,18431874,71002,Tehovec,2.56,2000/11/30,2001/01/04,V,450959,108537
CM,18445697,61302,Četrtna skupnost Center,5.07,2001/04/13,2001/04/20,V,462839,100466
CM,18445735,61303,Četrtna skupnost Črnuče,18.14,2001/04/13,2001/04/20,V,463539,107737
CM,18445743,61305,Četrtna skupnost Golovec,8.27,2001/04/13,2001/04/20,V,464659,101586
CM,18445751,61306,Četrtna skupnost Jarše,9.06,2001/04/13,2001/04/20,V,463349,102586
CM,18445760,61307,Četrtna skupnost Moste,3.4,2001/04/13,2001/04/20,V,464049,102146
CM,18445778,61308,Četrtna skupnost Polje,22.06,2001/04/13,2001/04/20,V,469749,102626
CM,18445786,61310,Četrtna skupnost Rožnik,8.36,2001/04/13,2001/04/20,V,460289,101747
CM,18445794,61311,Četrtna skupnost Rudnik,25.53,2001/04/13,2001/04/20,V,464079,98936
CM,18445808,61312,Četrtna skupnost Sostro,88.54,2001/04/13,2001/04/20,V,469699,100456
CM,18445816,61313,Četrtna skupnost Šentvid,15.83,2001/04/13,2001/04/20,V,458749,105417
CM,18445824,61315,Četrtna skupnost Šmarna gora,14.44,2001/04/13,2001/04/20,V,458629,108937
CM,18445832,61316,Četrtna skupnost Trnovo,7.18,2001/04/13,2001/04/20,V,460909,99786
CM,18445859,61317,Četrtna skupnost Vič,14.39,2001/04/13,2001/04/20,V,460579,100986
CM,18445867,61301,Četrtna skupnost Bežigrad,7.24,2013/07/24,2013/07/24,V,461869,104397
CM,18445875,61309,Četrtna skupnost Posavje,9.05,2001/04/13,2001/04/20,V,462909,105206
CM,18445883,61304,Četrtna skupnost Dravlje,11.11,2001/04/13,2001/04/20,V,459499,104437
CM,18445891,61314,Četrtna skupnost Šiška,7.36,2001/04/13,2001/04/20,V,460609,103237
CK,18467593,64601,Hotedršica,34.94,2013/10/09,2013/10/09,V,433508,85597
CK,18467666,64602,Laze-Jakovica,20.42,2013/10/09,2013/10/09,V,442678,80526
CK,18467674,64603,Log-Zaplana,3.95,2013/10/09,2013/10/09,V,438699,90487
CK,18467682,64604,Naklo,28.48,2013/10/09,2013/10/09,V,440248,86607
CK,18467704,64605,Rovte,22.4,2013/10/09,2013/10/09,V,438149,92587
CK,18467712,64606,Tabor,38.53,2013/10/09,2013/10/09,V,438928,86717
CK,18467739,64607,Trate,15.83,2013/10/09,2013/10/09,V,435299,91937
CK,18467747,64608,Vrh Sv. Treh Kraljev,8.47,2013/10/09,2013/10/09,V,436079,96467
CK,18567644,13601,Begunje,67.79,1997/08/01,1997/09/03,V,453758,75356
CK,18567652,13602,Cajnarje - Sveti Vid,30.92,1997/08/01,1997/09/03,V,458889,78286
CK,18567679,13603,Cerknica,53.8,1997/08/01,1997/09/03,V,450098,73146
CK,18567687,13604,Grahovo,45.85,1997/08/01,1997/09/03,V,455838,67436
CK,18567695,13605,Rakek,42.56,1997/08/01,1997/09/03,V,445038,75466
CK,18700638,142613,Tirna,7.29,2014/09/15,2014/09/15,V,492410,108966
CK,18923092,160601,Hoče,10.77,1999/10/21,1999/10/21,V,549671,151305
CK,18923106,160602,Orehova-Hotinja vas,6.56,1999/10/21,1999/10/21,V,551161,148205
CK,18923114,160603,Reka-Pohorje,22.07,1999/10/21,1999/10/21,V,544299,150591
CK,18923122,160604,Rogoza,4.73,1999/10/21,1999/10/21,V,551801,151454
CK,18923149,160605,Slivnica,9.55,1999/10/21,1999/10/21,V,549251,148775
CK,18986361,169601,Dobrovce,3.96,2001/10/16,2001/10/16,V,554271,149334
CK,18986370,169602,Dravski Dvor,1.9,2001/10/16,2001/10/16,V,554731,147256
CK,18986388,169603,Miklavž na Dravskem polju,4.96,2001/10/16,2001/10/16,V,553672,152024
CK,18986396,169604,Skoke,1.68,2001/10/16,2001/10/16,V,553191,150114
CV,19034020,198001,Vaška skupnost Dežno,6.07,2010/09/08,2010/09/08,V,553261,130904
CV,19034038,198002,Vaška skupnost Jelovec,3.48,2010/09/08,2010/09/08,V,551831,129914
CV,19034046,198003,Vaška skupnost Ložnica,2.04,2010/09/08,2010/09/08,V,550011,133405
CV,19034054,198004,Vaška skupnost Makole,1.02,2010/09/08,2010/09/08,V,551707,130998
CV,19034062,198005,Vaška skupnost Mostečno,2.12,2010/09/08,2010/09/08,V,551431,133554
CV,19034089,198006,Vaška skupnost Pečke,2.75,2010/09/08,2010/09/08,V,552231,132974
CV,19034097,198007,Vaška skupnost Savinsko,1.32,2010/09/08,2010/09/08,V,553131,133952
CV,19034119,198008,Vaška skupnost Stari Grad,10.25,2010/09/08,2010/09/08,V,551330,128084
CV,19034127,198009,Vaška skupnost Stopno,1.03,2010/09/08,2010/09/08,V,554301,133534
CV,19034135,198010,Vaška skupnost Stranske Makole,1.08,2010/09/08,2010/09/08,V,550911,131615
CV,19034143,198011,Vaška skupnost Strug,1.13,2010/09/08,2010/09/08,V,553441,133274
CV,19034151,198012,Vaška skupnost Štatenberg,3.5,2010/09/08,2010/09/08,V,549631,132085
CV,19034160,198013,Vaška skupnost Varoš,1.12,2010/09/08,2010/09/08,V,552951,132334
CK,19118762,29601,KRAJEVNA SKUPNOST APAČE,30.62,1998/04/20,1998/05/06,V,569682,173414
CK,19118789,29602,KS ČREŠNJEVCI-ZBIGOVCI,16.49,1998/04/20,1998/05/06,V,576292,168913
CK,19118797,29603,KS GORNJA RADGONA,8.84,1998/04/20,1998/05/06,V,575222,171833
CK,19118819,29606,KS SPODNJI IVANCI,10.45,1998/04/20,1998/05/06,V,573702,161704
CK,19118827,29604,KS NEGOVA,21.85,1998/04/20,1998/05/06,V,574292,163314
CK,19118835,29605,KS SPODNJA ŠČAVNICA,16.94,1998/04/20,1998/05/06,V,572512,168514
CK,19118843,29607,KS STOGOVCI,22.84,1998/04/20,1998/05/06,V,564902,173004
CK,19118851,100609,KS RADENCI,21,1998/04/20,1998/05/06,V,579152,167617
CK,19118860,100608,KS KAPELA,13.16,1998/04/20,1998/05/06,V,581032,163833
CK,19228398,59613,Radmožanci,11.93,1997/12/09,1997/12/09,V,606012,164882
CK,19228401,59614,Dolnji Lakoš,2.44,1997/12/09,1997/12/09,V,610171,157922
CK,19228410,59615,Gornji Lakoš,5.14,1997/12/09,1997/12/09,V,608741,158362
CK,19228428,59616,Pince Marof - Benica,18.65,1997/12/09,1997/12/09,V,615341,153012
CK,19228436,59617,Pince,2.29,1997/12/09,1997/12/09,V,616791,155122
CK,19228444,59618,Dolina pri Lendavi,6.69,1997/12/09,1997/12/09,V,615471,156202
CK,19228452,59619,Kapca,5.99,1997/12/09,1997/12/09,V,605811,158032
CK,19228479,59620,Kot,1.19,1997/12/09,1997/12/09,V,606321,156813
CK,19240487,156601,KS DOBROVNIK,19.1,2003/08/25,2003/08/25,V,603322,169742
CK,19246086,156602,KS STREHOVCI,6.95,2003/08/25,2003/08/25,V,600982,169823
CK,19246094,156603,KS ŽITKOVCI,5.08,2003/08/25,2003/08/25,V,605242,167912
CK,19467074,80604,KS KUPŠINCI,5.82,2005/12/21,2005/12/22,V,585432,170903
CK,19467082,80605,KS MARKIŠAVCI,2.91,2002/09/18,2002/09/18,V,589002,172133
CK,19467104,80606,KS NEMČAVCI,3.23,2002/09/18,2002/09/18,V,590002,171913
CK,19467112,80607,KS POLANA,2.29,2002/09/18,2002/09/18,V,587112,171903
CK,19467147,80602,KS ČERNELAVCI,2.34,2002/09/18,2002/09/18,V,587162,169983
CK,19467155,80608,KS PUŠČA,0.08,2002/09/18,2002/09/18,V,587091,169110
CK,19467163,80609,KS RAKIČAN,9.19,2002/09/18,2002/09/18,V,591552,169013
CK,19467171,80610,KS VEŠČICA,3.03,2002/09/18,2002/09/18,V,586562,170833
CK,19470407,80611,KS SATAHOVCI,3.65,2006/09/22,2006/09/22,V,585972,166572
CK,19481247,78601,Andrejci,5.07,2014/09/11,2014/09/11,V,593592,176543
CK,19481255,78602,Berkovci,1.62,2014/09/11,2014/09/11,V,598732,179993
CK,19481263,78603,Bogojina,7,2014/09/11,2014/09/11,V,597972,171343
CK,19481271,78604,Bukovnica,3.86,2014/09/11,2014/09/11,V,601242,173292
CK,19481280,78605,Čikečka vas,4.27,2014/09/11,2014/09/11,V,600912,176562
CK,19481298,78606,Filovci,9.05,2014/09/11,2014/09/11,V,599402,170143
CK,19481301,78607,Fokovci,6.03,2014/09/11,2014/09/11,V,597182,178683
CK,19481310,78608,Ivanci,4.37,2014/09/11,2014/09/11,V,596292,169453
CK,19481328,78609,Ivanjševci,2.35,2014/09/11,2014/09/11,V,598852,181212
CK,19481336,78610,Ivanovci,3.78,2014/09/11,2014/09/11,V,593822,178023
CK,19481344,78611,Kančevci,4.1,2014/09/11,2014/09/11,V,594682,180343
CK,19481352,78612,Krnci,2.62,2014/09/11,2014/09/11,V,592442,177903
CK,19481379,78613,Lončarovci,3.4,2014/09/11,2014/09/11,V,596862,181613
CK,19481387,78614,Martjanci,3.72,2014/09/11,2014/09/11,V,591282,172553
CK,19481395,78615,Mlajtinci/Lukačevci,7.67,2014/09/11,2014/09/11,V,593872,170553
CK,19481409,78616,Moravske Toplice,8.61,2014/09/11,2014/09/11,V,593932,173303
CK,19481417,78617,Motvarjevci,10.18,2014/09/11,2014/09/11,V,603133,174923
CK,19481425,78618,Noršinci,3.47,2014/09/11,2014/09/11,V,592272,170723
CK,19481433,78619,Pordašinci,2.43,2014/09/11,2014/09/11,V,602172,176852
CK,19481441,78620,Prosenjakovci,6.67,2014/09/11,2014/09/11,V,600152,178862
CK,19481450,78621,Ratkovci,2.77,2014/09/11,2014/09/11,V,596542,180163
CK,19481468,78622,Sebeborci,7.82,2014/09/11,2014/09/11,V,591712,175013
CK,19481476,78623,Selo,9.23,2014/09/11,2014/09/11,V,598522,177393
CK,19481484,78624,Središče,3.81,2014/09/11,2014/09/11,V,600152,182202
CK,19481492,78625,Suhi vrh,3.17,2014/09/11,2014/09/11,V,595657,173883
CK,19481506,78626,Tešanovci,7.37,2014/09/11,2014/09/11,V,594712,171863
CK,19481514,78627,Vučja Gomila,9.98,2014/09/11,2014/09/11,V,597572,174483
CK,19481603,97601,Bodonci,13.4,2014/09/11,2014/09/11,V,583692,178303
CK,19481611,97603,Brezovci,12.74,2014/09/11,2014/09/11,V,586052,174703
CK,19481620,97606,Mačkovci,41.62,2014/09/11,2014/09/11,V,589012,181213
CK,19481638,97607,Puconci,4.88,2014/09/11,2014/09/11,V,588212,174623
CK,19481646,97602,Bokrači,2.84,2014/09/11,2014/09/11,V,591402,177623
CK,19481654,97608,Šalamenci,5.52,2014/09/11,2014/09/11,V,586982,176923
CK,19481662,97609,Vaneča,5.94,2014/09/11,2014/09/11,V,589642,179083
CK,19481689,97604,Dolina,3.33,2014/09/11,2014/09/11,V,590592,178293
CK,19481697,97605,Gorica,3.7,2014/09/11,2014/09/11,V,587932,174263
CK,19481719,97610,Zenkovci,14,2014/09/11,2014/09/11,V,581262,177983
CK,19563120,1601,Krajevna skupnost Ajdovščina,10.5,2014/09/12,2014/09/12,V,414738,83647
CK,19563138,1602,Krajevna skupnost Batuje,2.83,2014/09/12,2014/09/12,V,405088,84487
CK,19563146,1603,Krajevna skupnost Brje,5.35,2014/09/12,2014/09/12,V,408018,81637
CK,19563154,1604,Krajevna skupnost Budanje,5.33,2014/09/12,2014/09/12,V,417568,81267
CK,19563162,1605,Krajevna skupnost Cesta,2.75,2014/09/12,2014/09/12,V,411808,83457
CK,19563189,1606,Krajevna skupnost Col,28.45,2014/09/12,2014/09/12,V,419828,84817
CK,19563197,1607,Krajevna skupnost Črniče,17.98,2014/09/12,2014/09/12,V,404998,86347
CK,19563219,1608,Krajevna skupnost Dobravlje,3.18,2014/09/12,2014/09/12,V,409748,83537
CK,19563227,1609,Krajevna skupnost Dolga Poljana,2.31,2014/09/12,2014/09/12,V,416918,82317
CK,19563243,1610,Krajevna skupnost Gaberje,4.6,2014/09/12,2014/09/12,V,413468,78287
CK,19563251,1611,Krajevna skupnost Gojače - Malovše,5.71,2014/09/12,2014/09/12,V,406278,85597
CK,19563260,1612,Krajevna skupnost Kamnje - Potoče,7.46,2014/09/12,2014/09/12,V,408638,83977
CK,19563278,1614,Krajevna skupnost Lokavec,13.74,2014/09/12,2014/09/12,V,412378,85017
CK,19563286,1613,Krajevna skupnost Otlica - Kovk,21.04,2014/09/12,2014/09/12,V,417228,86637
CK,19563294,1615,Krajevna skupnost Planina,6.95,2014/09/12,2014/09/12,V,413348,80987
CK,19563308,1616,Krajevna skupnost Podkraj,34.21,2014/09/12,2014/09/12,V,425438,81987
CK,19563316,1617,Krajevna skupnost Predmeja,20.75,2014/09/12,2014/09/12,V,414328,89657
CK,19563324,1618,Krajevna skupnost Selo,3.98,2014/09/12,2014/09/12,V,405948,84007
CK,19563332,1619,Krajevna skupnost Skrilje,1.45,2014/09/12,2014/09/12,V,410688,84237
CK,19563359,1620,Krajevna skupnost Stomaž,7.4,2014/09/12,2014/09/12,V,411348,85137
CK,19563367,1621,Krajevna skupnost Šmarje,9.73,2014/09/12,2014/09/12,V,411448,80157
CK,19563375,1622,Krajevna skupnost Ustje,3.92,2014/09/12,2014/09/12,V,413278,81387
CK,19563383,1623,Krajevna skupnost Velike Žablje,3.12,2014/09/12,2014/09/12,V,410768,81447
CK,19563391,1624,Krajevna skupnost Vipavski Križ,1.63,2014/09/12,2014/09/12,V,411359,82488
CK,19563405,1625,Krajevna skupnost Vrtovin,16.12,2014/09/12,2014/09/12,V,408448,86147
CK,19563413,1626,Krajevna skupnost Žapuže,2.22,2014/09/12,2014/09/12,V,416328,82587
CK,19563421,136601,Erzelj,3.84,2000/06/26,2000/06/30,V,415148,77527
CK,19563430,136602,goče,4.54,2000/06/26,2000/06/30,V,416388,76377
CK,19563448,136603,Gradišče pri Vipavi,3.77,2000/06/26,2000/06/30,V,419578,77777
CK,19563456,136604,Lozice,10.39,2000/06/26,2000/06/30,V,421488,71906
CK,19563464,136605,Lože,1.64,2006/08/30,2006/08/30,V,417438,76977
CK,19563472,136606,Podnanos,10.77,2000/06/26,2000/06/30,V,419648,73857
CK,19563499,136607,Podraga,6.96,2000/06/26,2000/06/30,V,418298,74567
CK,19563502,136608,Slap,5.1,2000/06/26,2000/06/30,V,417158,78267
CK,19563529,136609,Vipava,45.51,2000/06/26,2000/06/30,V,419408,79157
CK,19563537,136610,Vrhpolje,12.7,2000/06/26,2000/06/30,V,418238,80837
CK,19568628,136611,Manče,2.14,2006/08/30,2006/08/30,V,417568,76167
CK,19573281,1627,Krajevna skupnost Plače,2.76,2018/07/03,2018/07/03,V,412698,82447
CK,19820424,201601,Bukovica - Volčja Draga,4.15,2010/08/03,2010/08/03,V,396798,85387
CK,19820432,201602,Renče,16.08,2010/08/03,2010/08/03,V,396418,83027
CK,19820459,201603,Vogrsko,9.24,2010/08/03,2010/08/03,V,398128,84927
CK,19820467,75608,Orehovlje,1.35,2010/08/03,2010/08/03,V,392538,84547
CK,19896544,128623,Idrija pri Bači,5.03,2004/05/14,2004/05/14,V,406118,111208
CK,20022124,17613,Kanižarica,2.95,2010/07/09,2010/07/09,V,513378,46515
CK,20027835,73614,Krajevna skupnost Krasinec,4.72,2014/09/10,2014/09/10,V,521778,49865
CM,20027843,73301,Mestna skupnost Metlika,12.93,2014/09/10,2014/09/10,V,524579,57585
CK,20134399,193601,Krajevna skupnost Hinje,48.18,2000/11/09,2000/11/09,V,491149,69605
CK,20140348,85632,Krajevna skupnost Karteljevo,4.43,2013/03/12,2013/03/12,V,511129,80955
CV,20140356,157001,Kočevske Poljane,2.59,2002/09/16,2002/09/13,V,504298,64985
CV,20140364,157002,Pod Srebotnikom,10.16,2002/09/16,2002/09/13,V,505738,63995
CK,20341408,9620,Križe,4.43,2003/04/02,2003/04/07,V,543450,97335
CK,20341416,9621,Pečice,3.09,2003/04/02,2003/04/07,V,544820,97174
CK,20461209,54617,Spodnji Stari Grad - Spodnja Libna,2.81,2010/08/05,2010/08/05,V,539699,90195
CK,20547588,110601,Blanca,16.76,1997/08/01,1997/09/08,V,530930,96505
CK,20547596,110602,Boštanj,50.81,1997/08/01,1997/09/08,V,520060,96215
CK,20547600,110603,Krmelj,5.87,1997/08/01,1997/09/08,V,513869,94083
CK,20547618,110604,Loka pri Zidanem Mostu,24.39,1997/08/01,1997/09/08,V,517690,102585
CK,20547626,110605,Primož,11.73,1997/08/01,1997/09/08,V,522860,92305
CK,20547634,110606,Sevnica,36.97,1997/08/01,1997/09/08,V,523880,98005
CK,20547642,110607,Studenec,18.29,1997/08/01,1997/09/08,V,526449,91085
CK,20547669,110608,Šentjanž,40.38,1997/08/01,1997/09/08,V,511690,97855
CK,20547677,110609,Tržišče,35.52,1997/08/01,1997/09/08,V,516149,90185
CK,20547685,110610,Zabukovje,29.25,1997/08/01,1997/09/08,V,528400,101635
CK,20558440,110611,Dolnje Brezovo,2.03,2014/07/28,2014/07/28,V,528140,95035
CK,20661968,103602,KOTLJE,26.61,1999/12/06,1999/12/15,V,497441,154646
CK,20661976,103603,STROJNSKA REKA,17.68,1999/12/06,1999/12/15,V,497661,156686
CV,20661984,103001,STROJNA,7.44,1999/12/06,1999/12/21,V,494091,159446
CV,20661992,103002,DOBRIJE,5.76,1999/12/06,1999/12/21,V,500411,156936
CM,20662000,103301,ČEČOVJE,2.37,1999/12/06,1999/12/21,V,497251,155866
CM,20662018,103302,JAVORNIK - ŠANCE,0.53,1999/12/06,1999/12/21,V,497611,155516
CM,20662026,103303,TRG,1.44,1999/12/06,1999/12/21,V,497257,156007
CK,20662034,16601,ŽERJAV,20.78,1999/12/06,1999/12/22,V,495871,147936
CK,20670088,175601,KRAJEVNA SKUPNOST ŠENTANEL,14.46,2002/09/13,2002/09/13,V,490531,161767
CK,20670096,175602,KRAJEVNA SKUPNOST LEŠE,7.51,2002/09/13,2002/09/13,V,492201,154996
CK,20670100,175603,KRAJEVNA SKUPNOST HOLMEC,12.19,2002/09/13,2002/09/13,V,488891,159467
CM,20674571,103304,dobja vas,1.63,2010/09/20,2010/09/20,V,496101,156106
CV,20768894,93001,Podvelka,12.9,1997/12/08,1997/12/23,V,525192,160795
CV,20768908,93002,Brezno,9.99,1997/12/08,1997/12/23,V,524262,161915
CV,20768916,93003,Ožbalt,27.24,1997/12/08,1997/12/23,V,527442,161915
CV,20768924,93004,Kapla,30.58,1997/12/08,1997/12/23,V,527592,165645
CV,20768959,93006,Lehen na Pohorju,23.17,1997/12/08,1997/12/23,V,525192,156155
CK,20768975,101601,Radlje ob Dravi,34.93,1997/12/08,1997/12/23,V,517342,163976
CK,20768983,101602,Remšnik,25.42,1997/12/08,1997/12/23,V,522902,164655
CK,20768991,101603,Vuhred,12.19,1997/12/08,1997/12/23,V,519102,159165
CK,20769009,101604,Sv. Anton na Pohorju,21.48,1997/12/08,1997/12/23,V,516652,159306
CV,20769351,76001,Dolič,32.51,1998/03/19,1998/03/19,V,515801,141016
CK,20769432,25601,Črneče,11.48,1998/03/18,1998/03/19,V,499831,161116
CK,20769459,25602,Dravograd,45.84,1998/03/18,1998/03/19,V,502141,161466
CK,20769467,25603,Libeliče,12.07,1998/03/18,1998/03/19,V,495691,163086
CK,20769475,25604,Šentjanž,20.41,1998/03/18,1998/03/19,V,502701,157636
CK,20769483,25605,Trbonje,15.17,1998/03/18,1998/03/19,V,506511,160496
CV,20769491,76002,Dovže,12.56,1998/03/19,1998/03/19,V,513651,148016
CV,20769505,76003,Završe,13.54,1998/03/19,1998/03/19,V,512431,142366
CM,20769513,112301,Center,0.91,1998/03/19,1998/03/19,V,506221,152136
CM,20769521,112302,Legen-mesto,1.12,1998/03/19,1998/03/19,V,506551,152516
CM,20769530,112303,Polje,0.54,1998/03/19,1998/03/19,V,506331,151456
CM,20769548,112304,Stari trg-mesto,1.26,1998/03/19,1998/03/19,V,505571,151906
CM,20769556,112305,Štibuh,1.77,1998/03/19,1998/03/19,V,505671,151476
CV,20769564,112001,Gradišče,5.5,1998/03/19,1998/03/19,V,508021,153866
CV,20769572,112002,Legen,25.17,1998/03/19,1998/03/19,V,509991,150826
CV,20769599,112003,Pameče,22.04,1998/03/19,1998/03/19,V,506481,155526
CV,20769602,112004,Podgorje,18.73,1998/03/19,1998/03/19,V,506911,147596
CV,20769629,112005,Razbor,28.43,1998/03/19,1998/03/19,V,503521,145136
CV,20769637,112006,Sele,22.91,1998/03/19,1998/03/19,V,502921,152576
CV,20769645,112007,Stari trg,12.79,1998/03/19,1998/03/19,V,504431,148866
CV,20769653,112008,Šmartno,6.96,1998/03/19,1998/03/19,V,508271,150146
CV,20769661,112009,Šmiklavž,11.85,1998/03/19,1998/03/19,V,508332,145487
CV,20769670,112010,Turiška vas,13.66,1998/03/19,1998/03/19,V,510021,148196
CK,20878380,87601,Ivanjkovci,28.35,1998/01/21,1998/01/21,V,588801,147963
CK,20878398,87602,Kog,14.21,1998/01/21,1998/01/21,V,596041,146663
CK,20878401,87603,Miklavž pri Ormožu,19.12,1998/01/21,1998/01/21,V,593301,147313
CK,20878410,87604,Ormož,36.87,1998/01/21,1998/01/21,V,588231,141623
CK,20878428,87605,Podgorci,17.98,1998/01/21,1998/01/21,V,580911,143273
CK,20878436,87606,Središče ob Dravi,32.78,1998/01/21,1998/01/21,V,596551,140583
CK,20878444,87607,Tomaž pri Ormožu,37.92,1998/01/21,1998/01/21,V,581901,148953
CK,20878452,87608,Velika Nedelja,25.24,1998/01/21,1998/01/21,V,585021,143653
CV,21016861,185001,Vaška skupnost Biš,6.9,1999/08/31,1999/08/31,V,568340,155902
CV,21016870,185002,Vaška sk. Bišečki vrh,2.35,1999/08/31,1999/08/31,V,567081,153234
CV,21016888,185003,Vaška skupnost Črmlja,1.48,1999/08/31,1999/08/31,V,566561,154054
CV,21016896,185004,Vaška skupnost Ločič,3.15,1999/08/31,1999/08/31,V,569761,152604
CV,21016900,185005,Vaška skupnost Sovjak,0.92,1999/08/31,1999/08/31,V,566542,154864
CV,21016918,185006,Vaška sk. Trnovska vas,5.68,1999/08/31,1999/08/31,V,568881,154104
CV,21016926,185007,Vaška sk. Trnovski vrh,2.43,1999/08/31,1999/08/31,V,567861,152954
CM,21047031,96310,"Četrt Spuhlja, Spuhlja 12a",4.61,2010/09/08,2010/09/08,V,570321,141604
CK,21047201,135608,Krajevna skupnost Sela,5.21,2010/09/15,2010/09/15,V,563561,137094
CK,21047210,135605,Krajevna skupnost Lancova vas,4.2,2010/09/15,2010/09/15,V,565221,137334
CK,21047228,135603,Krajevna skupnost Pobrežje,6.22,2010/09/15,2010/09/15,V,568241,140374
CK,21047236,135604,Krajevna skupnost Tržec,4.06,2010/09/15,2010/09/15,V,565611,136179
CK,21047244,135606,Krajevna skupnost Soviče-Dravci-Vareja,6.51,2010/09/15,2010/09/15,V,571171,135774
CK,21214124,151601,Braslovče,34.8,1999/09/16,1999/09/16,V,502970,127636
CK,21214132,190601,Galicija,18.59,1999/09/09,1999/09/15,V,516340,127125
CK,21214159,190602,Gotovlje,8.57,1999/09/09,1999/09/15,V,512070,124375
CK,21214167,151602,Gomilsko,8.02,1999/09/16,1999/09/16,V,502870,124406
CK,21214175,190603,Griže,20.25,1999/09/09,1999/09/15,V,511910,120055
CK,21214183,190604,Levec,1.76,1999/09/09,1999/09/15,V,516710,122335
CK,21214191,190605,Liboje,16.01,1999/09/09,1999/09/15,V,515680,120385
CK,21214205,190606,Petrovče,11.89,1999/09/09,1999/09/15,V,514720,123515
CK,21214213,190607,Ponikva,15.13,1999/09/09,1999/09/15,V,511000,131985
CK,21214221,190608,Šempeter,16.99,1999/09/09,1999/09/15,V,508580,124285
CK,21214230,190609,Vrbje,2.56,1999/09/09,1999/09/15,V,512010,122765
CK,21214248,151603,Letuš,7.55,1999/09/16,1999/09/16,V,500780,131116
CK,21214256,190610,Mestna skupnost Žalec,5.39,1999/09/09,1999/09/15,V,513131,125006
CK,21214264,151604,Trnava,4.63,1999/09/16,1999/09/16,V,505080,123916
CK,21318051,133601,Bevče,2.16,1997/09/10,1997/09/10,V,511161,135266
CK,21318060,133602,Cirkovce,6.77,1997/09/10,1997/09/10,V,510431,139526
CK,21318167,133603,Gorica,1.03,1997/09/10,1997/09/10,V,509891,135266
CK,21318230,133604,Konovo,3.86,1997/09/10,1997/09/10,V,509481,137036
CK,21318256,133605,Paka pri Velenju,12.7,1997/09/10,1997/09/10,V,512921,136546
CK,21318485,133606,Pesje,3.17,1997/09/10,1997/09/10,V,506110,136536
CK,21318680,133608,Plešivec,9.09,1997/09/10,1997/09/10,V,508111,141136
CK,21318698,133609,Staro Velenje,3.13,1997/09/10,1997/09/10,V,508480,134816
CK,21318701,133610,Stara vas,1.59,1997/09/10,1997/09/10,V,508061,136796
CK,21318710,133611,Šalek,1.04,1997/09/10,1997/09/10,V,510261,135746
CK,21318728,133612,Šentilj,9.74,1997/09/10,1997/09/10,V,508980,132886
CK,21318736,133613,Škale - Hrastovec,8.47,1997/09/10,1997/09/10,V,507681,138916
CK,21318744,133614,Šmartno,0.43,1997/09/10,1997/09/10,V,509271,136056
CK,21318752,133615,Vinska Gora,14.77,1997/09/10,1997/09/10,V,513130,133995
CM,21318779,133301,Velenje - desni breg,0.47,1997/09/10,1997/09/10,V,508641,135876
CM,21318787,133302,Velenje - levi breg - zahod,0.37,1997/09/10,1997/09/10,V,508811,135416
CM,21318795,133303,Velenje - levi breg - vzhod,0.12,1997/09/10,1997/09/10,V,509343,135709
CK,21318817,126601,Bele vode,24.29,1997/09/10,1997/09/10,V,493910,141106
CK,21318825,126602,Družmirje - Gaberke,5.93,1998/10/21,1998/10/22,V,505761,139346
CK,21318833,126603,Lokovica,8.05,1997/09/10,1997/09/10,V,502930,135906
CK,21318841,126604,Ravne,14.03,1997/09/10,1997/09/10,V,504851,142186
CK,21318850,126605,Skorno - Florjan,8.67,1997/09/10,1997/09/10,V,499696,139281
CK,21318868,126606,Šoštanj,3.68,1997/09/10,1997/09/10,V,503710,137786
CK,21318876,126607,Topolšica,11.47,1997/09/10,1997/09/10,V,501410,140406
CK,21318884,126608,Zavodnje,10.33,1997/09/10,1997/09/10,V,501320,142686
CK,21320722,126609,Šentvid,9.3,1998/10/21,1998/10/22,V,498090,143816
CK,21340103,133616,Kavče,1.15,2003/12/10,2003/12/10,V,508010,134156
CK,21340111,133617,Podkraj,4.01,2003/12/10,2003/12/10,V,506560,134476
CM,23771250,11301,Center,0.43,2000/03/21,2000/04/07,V,520340,121185
CM,23771268,11302,Dečkovo naselje,0.4,2000/03/21,2000/04/07,V,519940,122645
CM,23771276,11303,Dolgo polje,0.88,2000/03/21,2000/04/07,V,519600,121925
CM,23771284,11304,Gaberje,2.09,2000/03/21,2000/04/07,V,520960,122215
CM,23771292,11305,Hudinja,2.32,2000/03/21,2000/04/07,V,521136,123597
CM,23771306,11306,Kajuh,0.23,2000/03/21,2000/04/07,V,519980,121105
CM,23771314,11307,Lava,0.79,2000/03/21,2000/04/07,V,519470,122525
CM,23771322,11308,Nova vas,0.49,2000/03/21,2000/04/07,V,520420,122355
CM,23771349,11309,Savinja,3.37,2000/03/21,2000/04/07,V,519500,121565
CM,23771357,11310,Slavko Šlander,0.22,2000/03/21,2000/04/07,V,519510,121725
