ENOTA,PT_MID,PT_ID,PT_UIME,POV_KM2,D_OD,DV_OD,STATUS,CEN_E,CEN_N
PT,21428329,8341,Adlešiči,39.49,2005/04/15,2005/04/15,V,527698,37615
PT,21428337,5270,Ajdovščina,76.25,2005/04/15,2005/04/15,V,414738,83647
PT,21428345,6280,Ankaran - Ancarano,13.6,2005/04/15,2005/04/15,V,403927,49667
PT,21428353,9253,Apače,53.37,2005/04/15,2005/04/15,V,572602,172114
PT,21428361,8253,Artiče,18.15,2005/04/15,2005/04/15,V,544389,89205
PT,21428370,4275,Begunje na Gorenjskem,31.54,2005/04/15,2005/04/15,V,437890,136398
PT,21428388,1382,Begunje pri Cerknici,58.51,2005/04/15,2005/04/15,V,453758,75356
PT,21428396,9231,Beltinci,62.31,2005/04/15,2005/04/15,V,594442,163669
PT,21428400,2234,Benedikt,23.68,2005/04/15,2005/04/15,V,568550,161115
PT,21428418,2345,Bistrica ob Dravi,8.62,2005/04/15,2005/04/15,V,541992,157345
PT,21428426,3256,Bistrica ob Sotli,29.82,2005/04/15,2005/04/15,V,551330,102194
PT,21428434,8259,Bizeljsko,32.38,2005/04/15,2005/04/15,V,553679,92154
PT,21428442,1223,Blagovica,27.8,2005/04/15,2005/04/15,V,483080,117766
PT,21428469,8283,Blanca,25.63,2005/04/15,2005/04/15,V,532240,101015
PT,21428477,4260,Bled,38.37,2005/04/15,2005/04/15,V,431829,136948
PT,21428485,4273,Blejska Dobrava,7.98,2005/04/15,2005/04/15,V,430846,140481
PT,21428493,9265,Bodonci,27.47,2005/04/15,2005/04/15,V,583382,176223
PT,21428507,9222,Bogojina,24.28,2005/04/15,2005/04/15,V,601242,173292
PT,21428515,4263,Bohinjska Bela,34.1,2005/04/15,2005/04/15,V,429079,133658
PT,21428523,4264,Bohinjska Bistrica,139.32,2005/04/15,2005/04/15,V,419259,126588
PT,21428531,4265,Bohinjsko jezero,142.61,2005/04/15,2005/04/15,V,414919,128388
PT,21428540,1353,Borovnica,63.16,2005/04/15,2005/04/15,V,450679,86657
PT,21428558,8294,Boštanj,41.04,2005/04/15,2005/04/15,V,520630,100105
PT,21428566,5230,Bovec,91.49,2005/04/15,2005/04/15,V,388448,134028
PT,21428574,5295,Branik,31.61,2005/04/15,2005/04/15,V,411448,80157
PT,21428582,3314,Braslovče,36.48,2005/04/15,2005/04/15,V,502970,127636
PT,21428604,5223,Breginj,52.22,2005/04/15,2005/04/15,V,382758,125148
PT,21428612,8280,Brestanica,29.16,2005/04/15,2005/04/15,V,533460,95865
PT,21428639,2354,Bresternica,29.28,2005/04/15,2005/04/15,V,543402,162015
PT,21428655,4243,Brezje,8.26,2005/04/15,2005/04/15,V,439870,133247
PT,21428663,1351,Brezovica pri Ljubljani,22.84,2005/04/15,2005/04/15,V,454229,97657
PT,21428671,8250,Brežice,36.63,2005/04/15,2005/04/15,V,545949,85164
PT,21428680,4210,Brnik - Aerodrom,7.79,2005/04/15,2005/04/15,V,457440,120917
PT,21428698,8321,Brusnice,30.7,2005/04/15,2005/04/15,V,519539,73725
PT,21428701,3255,Buče,20.22,2005/04/15,2005/04/15,V,542810,108164
PT,21428710,8276,Bučka,16.65,2005/04/15,2005/04/15,V,523559,87555
PT,21428728,9261,Cankova,30.55,2005/04/15,2005/04/15,V,577812,176023
PT,21428736,3000,Celje,54.05,2005/04/15,2005/04/15,V,520340,121185
PT,21428744,4207,Cerklje na Gorenjskem,69.87,2005/04/15,2005/04/15,V,460330,123357
PT,21428752,8263,Cerklje ob Krki,27.55,2005/04/15,2005/04/15,V,542739,82965
PT,21428779,1380,Cerknica,107.92,2005/04/15,2005/04/15,V,450098,73146
PT,21428787,5282,Cerkno,141.63,2005/04/15,2005/04/15,V,422069,110327
PT,21428795,2236,Cerkvenjak,23.97,2005/04/15,2005/04/15,V,572097,161332
PT,21428809,2215,Ceršak,12.86,2005/04/15,2005/04/15,V,551812,171584
PT,21428817,2326,Cirkovce,24.88,2005/04/15,2005/04/15,V,556011,143124
PT,21428825,2282,Cirkulane,31.9,2005/04/15,2005/04/15,V,577801,137014
PT,21428833,5273,Col,72.3,2005/04/15,2005/04/15,V,417228,86637
PT,21428841,1413,Čemšenik,19.97,2005/04/15,2005/04/15,V,496125,113836
PT,21428850,5253,Čepovan,42.23,2005/04/15,2005/04/15,V,404408,100637
PT,21428868,9232,Črenšovci,34.86,2005/04/15,2005/04/15,V,599161,160263
PT,21428876,2393,Črna na Koroškem,155.87,2005/04/15,2005/04/15,V,488401,147796
PT,21428884,6275,Črni Kal,68.64,2005/04/15,2005/04/15,V,410387,45977
PT,21428892,3272,Rimske Toplice,32.32,2005/04/15,2005/04/15,V,516770,110105
PT,21428906,5274,Črni Vrh nad Idrijo,69.02,2021/03/09,2021/03/09,V,425388,91737
PT,21428914,5262,Črniče,46.63,2005/04/15,2005/04/15,V,408448,86147
PT,21428922,8340,Črnomelj,110.8,2005/04/15,2005/04/15,V,515158,48225
PT,21428949,6271,Dekani,9.68,2005/04/15,2005/04/15,V,406877,45577
PT,21428957,5210,Deskle,38.47,2005/04/15,2005/04/15,V,393538,103638
PT,21428973,2253,Destrnik,34.27,2005/04/15,2005/04/15,V,568351,151094
PT,21428981,6215,Divača,38.56,2005/04/15,2005/04/15,V,419778,60746
PT,21428990,1233,Dob,22.6,2005/04/15,2005/04/15,V,471269,113426
PT,21429007,3224,Dobje pri Planini,16.79,2005/04/15,2005/04/15,V,533248,111238
PT,21429015,8257,Dobova,25.67,2005/04/15,2005/04/15,V,550659,83694
PT,21429023,1423,Dobovec,22.87,2005/04/15,2005/04/15,V,508644,105316
PT,21429031,5263,Dobravlje,29.1,2005/04/15,2005/04/15,V,408638,83977
PT,21429040,3204,Dobrna,33.98,2005/04/15,2005/04/15,V,517650,133175
PT,21429058,8211,Dobrnič,42.51,2005/04/15,2005/04/15,V,498159,83155
PT,21429066,1356,Dobrova,33.42,2005/04/15,2005/04/15,V,454689,101667
PT,21429074,9223,Dobrovnik - Dobronak,48.19,2010/11/25,2010/11/25,V,607702,165432
PT,21429082,5212,Dobrovo v Brdih,46.07,2005/04/15,2005/04/15,V,386108,96508
PT,21429104,1431,Dol pri Hrastniku,28.71,2005/04/15,2005/04/15,V,510830,108445
PT,21429112,1262,Dol pri Ljubljani,37.19,2005/04/15,2005/04/15,V,472449,105406
PT,21429139,1273,Dole pri Litiji,42.65,2005/04/15,2005/04/15,V,499539,100986
PT,21429147,1331,Dolenja vas,69.57,2005/04/15,2005/04/15,V,475558,59056
PT,21429155,8350,Dolenjske Toplice,93.95,2005/04/15,2005/04/15,V,504539,68295
PT,21429163,1230,Domžale,30.02,2005/04/15,2005/04/15,V,469229,111866
PT,21429171,2252,Dornava,14.03,2005/04/15,2005/04/15,V,572916,143799
PT,21429180,5294,Dornberk,11.41,2005/04/15,2005/04/15,V,402128,84087
PT,21429198,1319,Draga,53.54,2005/04/15,2005/04/15,V,471408,56826
PT,21429201,8343,Dragatuš,55.89,2005/04/15,2005/04/15,V,511948,44735
PT,21429210,3222,Dramlje,28.44,2005/04/15,2005/04/15,V,528380,127865
PT,21429228,2370,Dravograd,53.94,2005/04/15,2005/04/15,V,502141,161466
PT,21429236,4203,Duplje,8.69,2005/04/15,2005/04/15,V,445200,128067
PT,21429244,6221,Dutovlje,56.67,2005/04/15,2005/04/15,V,410728,68727
PT,21429252,8361,Dvor,67.75,2005/04/15,2005/04/15,V,496709,75975
PT,21429279,2343,Fala,14.86,2005/04/15,2005/04/15,V,534681,156755
PT,21429287,9208,Fokovci,22.96,2005/04/15,2005/04/15,V,595657,173883
PT,21429295,2313,Fram,24.14,2005/04/15,2005/04/15,V,548701,144845
PT,21429309,3213,Frankolovo,25.55,2005/04/15,2005/04/15,V,529151,131635
PT,21429317,1274,Gabrovka,42.42,2005/04/15,2005/04/15,V,498159,97365
PT,21429325,8254,Globoko,19.27,2005/04/15,2005/04/15,V,548550,93374
PT,21429333,5275,Godovič,22.51,2005/04/15,2005/04/15,V,430699,91347
PT,21429341,4204,Golnik,32.57,2005/04/15,2005/04/15,V,449690,128197
PT,21429350,3303,Gomilsko,10.84,2005/04/15,2005/04/15,V,504160,124756
PT,21429368,4224,Gorenja vas,92.77,2005/04/15,2005/04/15,V,433909,107807
PT,21429376,3263,Gorica pri Slivnici,22.22,2005/04/15,2005/04/15,V,532530,116735
PT,21429384,2272,Gorišnica,29.18,2005/04/15,2005/04/15,V,576630,144400
PT,21429392,9250,Gornja Radgona,41.18,2005/04/15,2005/04/15,V,575942,171103
PT,21429406,3342,Gornji Grad,89.18,2014/09/23,2014/09/23,V,484990,128506
PT,21429414,4282,Gozd Martuljek,57.85,2005/04/15,2005/04/15,V,409879,150308
PT,21429422,6272,Gračišče,74.73,2005/04/15,2005/04/15,V,414027,39716
PT,21429449,9264,Grad,37.1,2005/04/15,2005/04/15,V,583843,184823
PT,21429457,8332,Gradac,40.92,2005/04/15,2005/04/15,V,518698,53115
PT,21429465,1384,Grahovo,43.81,2005/04/15,2005/04/15,V,458728,69036
PT,21429473,5242,Grahovo ob Bači,37.4,2005/04/15,2005/04/15,V,412299,113588
PT,21429481,5251,Grgar,62.49,2005/04/15,2005/04/15,V,399078,94337
PT,21429503,3302,Griže,21.67,2005/04/15,2005/04/15,V,513654,119149
PT,21429511,3231,Grobelno,20.36,2005/04/15,2005/04/15,V,534573,117585
PT,21429520,1290,Grosuplje,101.3,2005/04/15,2005/04/15,V,473349,90646
PT,21429538,2288,Hajdina,21.93,2005/04/15,2005/04/15,V,564183,138416
PT,21429546,8362,Hinje,48.18,2005/04/15,2005/04/15,V,491599,73535
PT,21429554,2311,Hoče,19.61,2005/04/15,2005/04/15,V,549671,151305
PT,21429562,9205,Hodoš - Hodos,18.1,2010/11/25,2010/11/25,V,601163,187762
PT,21429589,1354,Horjul,49.24,2005/04/15,2005/04/15,V,440829,100597
PT,21429597,1372,Hotedršica,35.65,2005/04/15,2005/04/15,V,434959,85488
PT,21429619,1430,Hrastnik,28.54,2005/04/15,2005/04/15,V,506650,112015
PT,21429627,6225,Hruševje,43.75,2005/04/15,2005/04/15,V,429118,72286
PT,21429643,4276,Hrušica,9.74,2005/04/15,2005/04/15,V,424120,146149
PT,21429651,5280,Idrija,129.4,2005/04/15,2005/04/15,V,424258,96187
PT,21429660,1292,Ig,99.2,2005/04/15,2005/04/15,V,463399,91346
PT,21429678,6250,Ilirska Bistrica,226.75,2005/04/15,2005/04/15,V,441668,47826
PT,21429686,1295,Ivančna Gorica,61.08,2005/04/15,2005/04/15,V,484719,88636
PT,21429694,2259,Ivanjkovci,29.88,2005/04/15,2005/04/15,V,591101,150103
PT,21429708,1411,Izlake,37.63,2005/04/15,2005/04/15,V,495700,112846
PT,21429716,6310,Izola - Isola,28.35,2007/01/30,2007/01/31,V,395487,45087
PT,21429724,2222,Jakobski dol,23.73,2005/04/15,2005/04/15,V,556432,164534
PT,21429732,2221,Jarenina,16.22,2005/04/15,2005/04/15,V,553642,164574
PT,21429759,6254,Jelšane,35.65,2005/04/15,2005/04/15,V,439118,41996
PT,21429767,4270,Jesenice,54.3,2005/04/15,2005/04/15,V,427780,144528
PT,21429775,8261,Jesenice na Dolenjskem,27.07,2005/04/15,2005/04/15,V,549289,79554
PT,21429783,3273,Jurklošter,38.79,2005/04/15,2005/04/15,V,521830,105735
PT,21429791,2223,Jurovski Dol,29.97,2005/04/15,2005/04/15,V,560032,161154
PT,21429813,2256,Juršinci,34.82,2005/04/15,2005/04/15,V,574551,149973
PT,21429821,5214,Kal nad Kanalom,26.77,2005/04/15,2005/04/15,V,399748,106588
PT,21429830,3233,Kalobje,9.8,2005/04/15,2005/04/15,V,531020,114635
PT,21429848,4246,Kamna Gorica,23.73,2005/04/15,2005/04/15,V,439379,130887
PT,21429856,2351,Kamnica,18.55,2005/04/15,2005/04/15,V,549022,163335
PT,21429864,1241,Kamnik,59.91,2005/04/15,2005/04/15,V,466270,123017
PT,21429872,5213,Kanal,55.34,2005/04/15,2005/04/15,V,394418,106258
PT,21429899,8258,Kapele,18.42,2005/04/15,2005/04/15,V,551999,90784
PT,21429902,2362,Kapla,31.32,2005/04/15,2005/04/15,V,530802,164635
PT,21429929,2325,Kidričevo,18.82,2005/04/15,2005/04/15,V,561379,141010
PT,21429937,1412,Kisovec,6.55,2005/04/15,2005/04/15,V,497820,112156
PT,21429945,6253,Knežak,112,2005/04/15,2005/04/15,V,439798,52116
PT,21429953,5222,Kobarid,140.33,2005/04/15,2005/04/15,V,390348,123948
PT,21429961,9227,Kobilje,19.73,2005/04/15,2005/04/15,V,606732,172512
PT,21429970,1330,Kočevje,253.55,2005/04/15,2005/04/15,V,489038,55906
PT,21429988,1338,Kočevska Reka,153.58,2005/04/15,2005/04/15,V,490138,47936
PT,21429996,2276,Kog,13.95,2005/04/15,2005/04/15,V,596231,144873
PT,21430005,5211,Kojsko,25.91,2005/04/15,2005/04/15,V,388178,97218
PT,21430013,6223,Komen,73.27,2005/04/15,2005/04/15,V,402918,75877
PT,21430021,1218,Komenda,24.05,2005/04/15,2005/04/15,V,464430,118717
PT,21430030,6000,Koper - Capodistria,37.44,2005/04/15,2005/04/15,V,400787,45967
PT,21430048,8282,Koprivnica,20.58,2005/04/15,2005/04/15,V,539540,98995
PT,21430056,8311,Kostanjevica na Krki,58.33,2005/05/23,2005/05/24,V,534099,79665
PT,21430064,5296,Kostanjevica na Krasu,41.17,2005/04/15,2005/04/15,V,391937,78857
PT,21430072,6256,Košana,38.57,2005/04/15,2005/04/15,V,434128,57986
PT,21430099,2394,Kotlje,19.46,2005/04/15,2005/04/15,V,498561,154306
PT,21430102,6240,Kozina,71.36,2005/04/15,2005/04/15,V,417918,52006
PT,21430129,3260,Kozje,22.73,2005/04/15,2005/04/15,V,543690,103614
PT,21430137,4000,Kranj,59.65,2005/04/15,2005/04/15,V,450319,122857
PT,21430145,4280,Kranjska Gora,60.73,2005/04/15,2005/04/15,V,406879,150238
PT,21430153,1281,Kresnice,31.96,2005/04/15,2005/04/15,V,484989,106896
PT,21430161,4294,Križe,12.02,2005/04/15,2005/04/15,V,445280,132677
PT,21430170,9206,Križevci,42.18,2005/04/15,2005/04/15,V,595392,184493
PT,21430188,9242,Križevci pri Ljutomeru,48.36,2005/04/15,2005/04/15,V,589832,158283
PT,21430196,1301,Krka,27.39,2005/04/15,2005/04/15,V,480779,81246
PT,21430200,8296,Krmelj,11.07,2005/04/15,2005/04/15,V,515879,95605
PT,21430218,4245,Kropa,7.29,2005/04/15,2005/04/15,V,439809,129517
PT,21430226,8262,Krška vas,23.99,2005/04/15,2005/04/15,V,544439,83905
PT,21430234,8270,Krško,60.42,2005/04/15,2005/04/15,V,530610,91985
PT,21430242,9263,Kuzma,22.87,2005/04/15,2005/04/15,V,582433,189063
PT,21430269,2318,Laporje,25.28,2005/04/15,2005/04/15,V,548451,133365
PT,21430277,3270,Laško,92.22,2005/04/15,2005/04/15,V,518430,112975
PT,21430285,1219,Laze v Tuhinju,59.92,2005/04/15,2005/04/15,V,477110,119566
PT,21430293,2230,Lenart v Slov. goricah,35.5,2005/04/15,2005/04/15,V,563802,159754
PT,21430307,9220,Lendava - Lendva,102.74,2010/11/25,2010/11/25,V,611301,159182
PT,21430315,4248,Lesce,9.81,2005/04/15,2005/04/15,V,436850,136638
PT,21430323,3261,Lesično,30.95,2005/04/15,2005/04/15,V,541160,106155
PT,21430331,8273,Leskovec pri Krškem,52.62,2005/04/15,2005/04/15,V,532139,89185
PT,21430340,2372,Libeliče,12.49,2005/04/15,2005/04/15,V,497961,163146
PT,21430366,2341,Limbuš,16.91,2005/04/15,2005/04/15,V,543462,157735
PT,21430374,1270,Litija,25.8,2005/04/15,2005/04/15,V,486869,101866
PT,21430382,3202,Ljubečna,9.3,2005/04/15,2005/04/15,V,524760,124795
PT,21430404,1000,Ljubljana,174.38,2005/04/15,2005/04/15,V,461699,101516
PT,21430412,1231,Ljubljana - Črnuče,18.14,2005/04/15,2005/04/15,V,464819,105336
PT,21430439,1261,Ljubljana - Dobrunje,36.08,2005/04/15,2005/04/15,V,469699,100456
PT,21430447,1260,Ljubljana - Polje,12.58,2005/04/15,2005/04/15,V,466609,104036
PT,21430455,1210,Ljubljana - Šentvid,12.27,2005/04/15,2005/04/15,V,458899,105217
PT,21430463,1211,Ljubljana - Šmartno,20.29,2005/04/15,2005/04/15,V,458629,108937
PT,21430471,3333,Ljubno ob Savinji,79.13,2005/04/15,2005/04/15,V,487250,134456
PT,21430480,9240,Ljutomer,67.27,2005/04/15,2005/04/15,V,592281,153713
PT,21430498,3215,Loče,52.66,2005/04/15,2005/04/15,V,530411,129945
PT,21430510,5231,Log pod Mangartom,80.65,2005/04/15,2005/04/15,V,392598,141639
PT,21430528,1358,Log pri Brezovici,12.18,2005/04/15,2005/04/15,V,449489,96387
PT,21430536,1370,Logatec,86.14,2005/04/15,2005/04/15,V,440248,86607
PT,21430544,1434,Loka pri Zidanem Mostu,25.12,2005/04/15,2005/04/15,V,521430,102565
PT,21430552,3223,Loka pri Žusmu,28.7,2005/04/15,2005/04/15,V,536140,111445
PT,21430579,6219,Lokev,18.35,2005/04/15,2005/04/15,V,416129,58796
PT,21430587,1318,Loški Potok,68.84,2005/04/15,2005/04/15,V,468078,62486
PT,21430595,2324,Lovrenc na Dravskem polju,23.87,2005/04/15,2005/04/15,V,561651,138464
PT,21430609,2344,Lovrenc na Pohorju,70.07,2005/04/15,2005/04/15,V,529482,155455
PT,21430617,3334,Luče,110,2005/04/15,2005/04/15,V,480270,135226
PT,21430625,1225,Lukovica,39.52,2005/04/15,2005/04/15,V,476000,114356
PT,21430633,9202,Mačkovci,41.64,2005/04/15,2005/04/15,V,587322,179633
PT,21430641,2322,Majšperk,31.61,2005/04/15,2005/04/15,V,556555,133425
PT,21430650,2321,Makole,37,2005/04/15,2005/04/15,V,551431,133554
PT,21430668,9243,Mala Nedelja,28.55,2005/04/15,2005/04/15,V,584186,154572
PT,21430676,2229,Malečnik,14.04,2005/04/15,2005/04/15,V,552742,157694
PT,21430684,6273,Marezige,29.28,2005/04/15,2005/04/15,V,408447,40127
PT,21430692,2000,Maribor,61.86,2005/04/15,2005/04/15,V,549372,158294
PT,21430706,2206,Marjeta na Dravskem polju,13.22,2005/04/15,2005/04/15,V,556371,146274
PT,21430714,2281,Markovci,29.8,2005/04/15,2005/04/15,V,573481,142495
PT,21430722,9221,Martjanci,23.59,2005/04/15,2005/04/15,V,591282,172553
PT,21430749,6242,Materija,54.86,2005/04/15,2005/04/15,V,421659,49487
PT,21430757,4211,Mavčiče,13.68,2005/04/15,2005/04/15,V,452369,119477
PT,21430765,1215,Medvode,59.32,2005/04/15,2005/04/15,V,453404,113520
PT,21430773,1234,Mengeš,22.42,2005/04/15,2005/04/15,V,466639,113737
PT,21430781,8330,Metlika,54.36,2005/04/15,2005/04/15,V,524929,56915
PT,21430790,2392,Mežica,26.15,2005/04/15,2005/04/15,V,488771,153446
PT,21430803,2204,Miklavž na Dravskem polju,16.39,2005/04/15,2005/04/15,V,551801,151454
PT,21430811,2275,Miklavž pri Ormožu,19.94,2005/04/15,2005/04/15,V,592982,149204
PT,21430820,5291,Miren,19.7,2005/04/15,2005/04/15,V,391918,84977
PT,21430838,8233,Mirna,36.3,2005/04/15,2005/04/15,V,501359,90575
PT,21430846,8216,Mirna Peč,47.66,2005/04/15,2005/04/15,V,506799,79795
PT,21430854,2382,Mislinja,112.91,2005/04/15,2005/04/15,V,514851,144846
PT,21430862,4281,Mojstrana,111.32,2005/04/15,2005/04/15,V,415529,148988
PT,21430889,8230,Mokronog,25.09,2005/04/15,2005/04/15,V,509379,90955
PT,21430897,1251,Moravče,49.98,2005/04/15,2005/04/15,V,480209,110796
PT,21430919,9226,Moravske Toplice,23.69,2005/04/15,2005/04/15,V,593932,173303
PT,21430927,5216,Most na Soči,67.81,2005/04/15,2005/04/15,V,408954,117285
PT,21430935,1221,Motnik,22.69,2005/04/15,2005/04/15,V,490540,121546
PT,21430943,3330,Mozirje,49.47,2005/04/15,2005/04/15,V,496705,133149
PT,21430951,9000,Murska Sobota,63.48,2005/04/15,2005/04/15,V,589012,169603
PT,21430960,2366,Muta,43.2,2005/04/15,2005/04/15,V,507731,163216
PT,21430978,4202,Naklo,18.6,2005/04/15,2005/04/15,V,447408,126357
PT,21430986,3331,Nazarje,24.82,2005/04/15,2005/04/15,V,498430,130966
PT,21430994,1357,Notranje Gorice,13.1,2005/04/15,2005/04/15,V,453039,96247
PT,21431001,3203,Nova Cerkev,23.44,2012/03/28,2012/03/28,V,522040,130425
PT,21431010,5000,Nova Gorica,27.54,2005/04/15,2005/04/15,V,394828,91567
PT,21431028,1385,Nova Vas,76.93,2005/04/15,2005/04/15,V,465538,73826
PT,21431036,8000,Novo mesto,151.28,2005/04/15,2005/04/15,V,513519,73205
PT,21431044,6243,Obrov,87.24,2005/04/15,2005/04/15,V,427978,53196
PT,21431052,9233,Odranci,6.93,2005/04/15,2005/04/15,V,597732,161453
PT,21431079,2317,Oplotnica,70.14,2005/04/15,2005/04/15,V,534991,141375
PT,21431087,2312,Orehova vas,15.93,2005/04/15,2005/04/15,V,549251,148775
PT,21431095,2270,Ormož,33.72,2005/04/15,2005/04/15,V,588231,141623
PT,21431109,1316,Ortnek,28.1,2005/04/15,2005/04/15,V,471628,71316
PT,21431117,1337,Osilnica,36.22,2005/04/15,2005/04/15,V,476428,43266
PT,21431125,8222,Otočec,23.62,2005/04/15,2005/04/15,V,513899,79715
PT,21431133,2361,Ožbalt,29.45,2005/04/15,2005/04/15,V,527442,161915
PT,21431141,2231,Pernica,23.01,2005/04/15,2005/04/15,V,558612,159854
PT,21431150,2211,Pesnica pri Mariboru,21.97,2005/04/15,2005/04/15,V,549712,163795
PT,21431168,9203,Petrovci,49.13,2005/04/15,2005/04/15,V,592902,185763
PT,21431176,3301,Petrovče,28.62,2005/04/15,2005/04/15,V,515700,125615
PT,21431184,6330,Piran - Pirano,1.07,2005/04/15,2005/04/15,V,388317,44187
PT,21431192,8255,Pišece,21.33,2005/04/15,2005/04/15,V,547660,96164
PT,21431206,6257,Pivka,171.91,2005/04/15,2005/04/15,V,437398,60376
PT,21431214,6232,Planina,38.15,2005/04/15,2005/04/15,V,441348,76076
PT,21431222,3225,Planina pri Sevnici,42.63,2005/04/15,2005/04/15,V,533930,109805
PT,21431249,6276,Pobegi,10.01,2005/04/15,2005/04/15,V,405827,45157
PT,21431257,8312,Podbočje,34.41,2005/04/15,2005/04/15,V,539829,79635
PT,21431265,5243,Podbrdo,45.22,2005/04/15,2005/04/15,V,417689,118088
PT,21431273,3254,Podčetrtek,30.78,2005/04/15,2005/04/15,V,543270,108459
PT,21431281,2273,Podgorci,18.14,2005/04/15,2005/04/15,V,581661,143613
PT,21431290,6216,Podgorje,20.49,2005/04/15,2005/04/15,V,417673,41147
PT,21431303,2381,Podgorje pri Slovenj Gradcu,65.43,2005/04/15,2005/04/15,V,510561,144456
PT,21431311,6244,Podgrad,52.48,2005/04/15,2005/04/15,V,438278,43156
PT,21431320,1414,Podkum,27.34,2005/04/15,2005/04/15,V,504200,101825
PT,21431338,2286,Podlehnik,44.21,2005/04/15,2005/04/15,V,567661,133304
PT,21431346,5272,Podnanos,33.59,2005/04/15,2005/04/15,V,424058,69626
PT,21431354,4244,Podnart,22.27,2005/04/15,2005/04/15,V,443120,128427
PT,21431362,3241,Podplat,35.22,2005/04/15,2005/04/15,V,547230,126235
PT,21431389,3257,Podsreda,29.1,2005/04/15,2005/04/15,V,544820,97174
PT,21431397,2363,Podvelka,65.67,2005/04/15,2005/04/15,V,525192,160795
PT,21431419,2208,Pohorje,25.84,2005/04/15,2005/04/15,V,544616,153225
PT,21431427,2257,Polenšak,19.26,2005/04/15,2005/04/15,V,576791,144694
PT,21431435,1355,Polhov Gradec,66.35,2005/04/15,2005/04/15,V,451779,103867
PT,21431451,4223,Poljane nad Škofjo Loko,51.34,2005/04/15,2005/04/15,V,433689,109997
PT,21431460,2319,Poljčane,35.27,2005/04/15,2005/04/15,V,547971,129975
PT,21431478,1272,Polšnik,40.6,2005/04/15,2005/04/15,V,493989,102836
PT,21431486,3313,Polzela,33.22,2005/04/15,2005/04/15,V,505700,126796
PT,21431494,3232,Ponikva,34.01,2005/04/15,2005/04/15,V,533840,121605
PT,21431508,6320,Portorož - Portorose,14.02,2005/04/15,2005/04/15,V,392520,43411
PT,21431516,6230,Postojna,137.6,2005/04/15,2005/04/15,V,438848,70966
PT,21431524,2331,Pragersko,35.84,2005/04/15,2005/04/15,V,553633,140842
PT,21431532,3312,Prebold,39.25,2005/04/15,2005/04/15,V,506772,124234
PT,21431559,4205,Preddvor,93.89,2005/04/15,2005/04/15,V,451330,127857
PT,21431567,6255,Prem,38.81,2005/04/15,2005/04/15,V,436598,50796
PT,21431583,1276,Primskovo,13.86,2012/03/06,2012/03/06,V,492099,96516
PT,21431591,1352,Preserje,62.63,2005/04/15,2005/04/15,V,454859,93076
PT,21431605,6258,Prestranek,50.37,2005/04/15,2005/04/15,V,437498,65626
PT,21431613,2391,Prevalje,64.38,2005/04/15,2005/04/15,V,489492,156302
PT,21431621,3262,Prevorje,13.16,2005/04/15,2005/04/15,V,539416,110264
PT,21431630,3253,Pristava pri Mestinju,29.74,2005/04/15,2005/04/15,V,546140,115195
PT,21431648,9207,Prosenjakovci - Pártosfalva,43.32,2010/11/25,2010/11/25,V,598522,177393
PT,21431656,5297,Prvačina,4.58,2005/04/15,2005/04/15,V,399478,84967
PT,21431664,2250,Ptuj,63.56,2005/04/15,2005/04/15,V,566889,146494
PT,21431672,2323,Ptujska gora,30.87,2005/04/15,2005/04/15,V,557757,135908
PT,21431699,9201,Puconci,38.85,2005/04/15,2005/04/15,V,585306,174778
PT,21431729,2327,Rače,29.26,2005/04/15,2005/04/15,V,552331,146135
PT,21431737,1433,Radeče,52.24,2005/04/15,2005/04/15,V,516630,98365
PT,21431745,9252,Radenci,32.76,2005/04/15,2005/04/15,V,579692,167713
PT,21431753,2360,Radlje ob Dravi,39.42,2005/04/15,2005/04/15,V,514482,166436
PT,21431761,1235,Radomlje,24.89,2005/04/15,2005/04/15,V,469759,114006
PT,21431770,4240,Radovljica,18.79,2005/04/15,2005/04/15,V,436269,133978
PT,21431788,8274,Raka,39.51,2005/04/15,2005/04/15,V,531459,88055
PT,21431796,1381,Rakek,30.68,2005/04/15,2005/04/15,V,447896,74641
PT,21431800,4283,Rateče Planica,26.53,2005/04/15,2005/04/15,V,401518,151780
PT,21431818,2390,Ravne na Koroškem,37.55,2005/04/15,2005/04/15,V,497257,156007
PT,21431826,3332,Rečica ob Savinji,28.9,2005/04/15,2005/04/15,V,494250,131806
PT,21431834,5292,Renče,19.55,2005/04/15,2005/04/15,V,393498,84607
PT,21431842,1310,Ribnica,66.72,2005/04/15,2005/04/15,V,479048,66586
PT,21431869,2364,Ribnica na Pohorju,63.35,2005/04/15,2005/04/15,V,523342,158775
PT,21431885,1314,Rob,45.67,2005/04/15,2005/04/15,V,467958,74816
PT,21431893,5215,Ročinj,26.34,2005/04/15,2005/04/15,V,398658,109238
PT,21431907,3250,Rogaška Slatina,46.32,2005/04/15,2005/04/15,V,548862,117540
PT,21431915,9262,Rogašovci,40.15,2005/04/15,2005/04/15,V,578953,185603
PT,21431923,3252,Rogatec,43.84,2005/04/15,2005/04/15,V,553500,124514
PT,21431931,1373,Rovte,49.49,2005/04/15,2005/04/15,V,437639,99637
PT,21431940,2342,Ruše,43.73,2005/04/15,2005/04/15,V,539531,155565
PT,21431958,1282,Sava,23.14,2005/04/15,2005/04/15,V,491060,106606
PT,21431966,6333,Sečovlje - Sicciole,28.56,2007/12/14,2007/12/14,V,393277,39437
PT,21431974,4227,Selca,53.15,2005/04/15,2005/04/15,V,438629,115467
PT,21431982,2352,Selnica ob Dravi,40.69,2005/04/15,2005/04/15,V,533982,160535
PT,21432008,8333,Semič,146.56,2005/04/15,2005/04/15,V,513898,57205
PT,21432024,8281,Senovo,32.43,2005/04/15,2005/04/15,V,534790,98985
PT,21432032,6224,Senožeče,57.54,2005/04/15,2005/04/15,V,423878,64106
PT,21432059,8290,Sevnica,41.88,2005/04/15,2005/04/15,V,523550,96645
PT,21432067,6210,Sežana,117,2005/04/15,2005/04/15,V,412056,63233
PT,21432075,2214,Sladki Vrh,7.06,2016/11/25,2016/11/25,V,554742,173154
PT,21432083,5283,Slap ob Idrijci,73.27,2005/04/15,2005/04/15,V,413128,111147
PT,21432091,2380,Slovenj Gradec,66.22,2005/04/15,2005/04/15,V,505211,155226
PT,21432105,2310,Slovenska Bistrica,53.38,2005/04/15,2005/04/15,V,544231,139115
PT,21432113,3210,Slovenske Konjice,42.03,2005/04/15,2005/04/15,V,532451,133315
PT,21432121,1216,Smlednik,15.4,2005/04/15,2005/04/15,V,456029,113867
PT,21432130,5232,Soča,155.33,2005/04/15,2005/04/15,V,395509,133868
PT,21432148,1317,Sodražica,45.9,2005/04/15,2005/04/15,V,471708,69146
PT,21432156,3335,Solčava,102.31,2005/04/15,2005/04/15,V,476310,142317
PT,21432164,5250,Solkan,10.16,2005/04/15,2005/04/15,V,395808,92537
PT,21432172,4229,Sorica,28.13,2005/04/15,2005/04/15,V,425089,120908
PT,21432199,4225,Sovodenj,23.56,2005/04/15,2005/04/15,V,427709,105257
PT,21432202,5281,Spodnja Idrija,73.33,2005/04/15,2005/04/15,V,416078,102927
PT,21432229,2241,Spodnji Duplek,24.19,2005/04/15,2005/04/15,V,557310,152005
PT,21432237,9245,Spodnji Ivanjci,31.41,2005/04/15,2005/04/15,V,570552,165204
PT,21432245,2277,Središče ob Dravi,33,2005/04/15,2005/04/15,V,594401,140813
PT,21432253,4267,Srednja vas v Bohinju,39.12,2005/04/15,2005/04/15,V,417209,129048
PT,21432261,8256,Sromlje,10.46,2005/04/15,2005/04/15,V,544040,92805
PT,21432270,5224,Srpenica,40,2005/04/15,2005/04/15,V,383678,131268
PT,21432288,1242,Stahovica,112.86,2005/04/15,2005/04/15,V,470270,123717
PT,21432296,1332,Stara Cerkev,121.9,2005/04/15,2005/04/15,V,487718,57376
PT,21432300,8342,Stari trg ob Kolpi,63,2005/04/15,2005/04/15,V,505758,43445
PT,21432318,1386,Stari trg pri Ložu,166.82,2005/04/15,2005/04/15,V,458648,65256
PT,21432326,2205,Starše,18.12,2005/04/15,2005/04/15,V,558961,147724
PT,21432342,2289,Stoperce,22.36,2005/04/15,2005/04/15,V,554265,129509
PT,21432369,8322,Stopiče,3.72,2005/04/15,2005/04/15,V,515939,70005
PT,21432377,3206,Stranice,15.06,2005/04/15,2005/04/15,V,527971,136895
PT,21432393,8351,Straža pri Novem mestu,32.02,2005/04/15,2005/04/15,V,509109,71925
PT,21432407,1313,Struge,37.14,2005/04/15,2005/04/15,V,480548,73306
PT,21432415,8293,Studenec,30.59,2005/04/15,2005/04/15,V,526420,93805
PT,21432423,8331,Suhor,22.54,2005/04/15,2005/04/15,V,524089,61895
PT,21432440,2233,Sv. Ana v Slov. goricah,37.17,2005/04/15,2005/04/15,V,566498,169691
PT,21432458,2353,Sv. Duh na Ostrem Vrhu,19.22,2005/04/15,2005/04/15,V,532982,161955
PT,21432466,2235,Sv. Trojica v Slov. goricah,25.88,2008/11/07,2008/11/07,V,569432,160864
PT,21432474,9244,Sveti Jurij ob Ščavnici,56.79,2005/04/15,2005/04/15,V,579192,163033
PT,21432482,3264,Sveti Štefan,10.18,2005/04/15,2005/04/15,V,536825,114104
PT,21432504,2258,Sv.Tomaž,37.44,2005/04/15,2005/04/15,V,581571,145953
PT,21432512,9204,Šalovci,41.2,2005/04/15,2005/04/15,V,595413,186003
PT,21432539,5261,Šempas,30.92,2005/04/15,2005/04/15,V,401178,89437
PT,21432547,5290,Šempeter pri Gorici,14.99,2005/04/15,2005/04/15,V,394368,88517
PT,21432555,3311,Šempeter v Savinjski dolini,16.98,2005/04/15,2005/04/15,V,510710,122985
PT,21432563,4208,Šenčur,22.42,2005/04/15,2005/04/15,V,455501,122833
PT,21432571,2212,Šentilj v Slov. goricah,20.04,2005/04/15,2005/04/15,V,553388,170755
PT,21432580,8297,Šentjanž,40.44,2005/04/15,2005/04/15,V,512789,95235
PT,21432598,2373,Šentjanž pri Dravogradu,24.18,2005/04/15,2005/04/15,V,502231,159646
PT,21432601,8310,Šentjernej,95.79,2005/04/15,2005/04/15,V,520255,79333
PT,21432610,3230,Šentjur,49.33,2005/04/15,2005/04/15,V,530550,119835
PT,21432628,3271,Šentrupert,16.54,2005/04/15,2005/04/15,V,525490,113665
PT,21432636,8232,Šentrupert,42.13,2005/04/15,2005/04/15,V,504878,93739
PT,21432644,1296,Šentvid pri Stični,56.42,2005/04/15,2005/04/15,V,487259,90966
PT,21432652,8275,Škocjan,41.73,2005/04/15,2005/04/15,V,523087,82920
PT,21432679,6281,Škofije,13.57,2005/04/15,2005/04/15,V,406997,48887
PT,21432687,4220,Škofja Loka,108.46,2005/04/15,2005/04/15,V,452269,113127
PT,21432695,3211,Škofja vas,8.97,2005/04/15,2005/04/15,V,521500,124355
PT,21432709,1291,Škofljica,45.11,2005/04/15,2005/04/15,V,469269,88886
PT,21432717,6274,Šmarje,34.1,2005/04/15,2005/04/15,V,403807,39797
PT,21432725,1293,Šmarje - Sap,19.55,2005/04/15,2005/04/15,V,470459,92586
PT,21432733,3240,Šmarje pri Jelšah,41.81,2005/04/15,2005/04/15,V,539970,121055
PT,21432741,8220,Šmarješke Toplice,34.32,2005/04/15,2005/04/15,V,519949,79435
PT,21432750,2315,Šmartno na Pohorju,46,2005/04/15,2005/04/15,V,543251,142765
PT,21432768,3341,Šmartno ob Dreti,22.71,2005/04/15,2005/04/15,V,490100,127606
PT,21432776,3327,Šmartno ob Paki,26.38,2005/04/15,2005/04/15,V,501760,130536
PT,21432784,1275,Šmartno pri Litiji,80.89,2005/04/15,2005/04/15,V,488130,100487
PT,21432792,2383,Šmartno pri Slovenj Gradcu,36.89,2005/04/15,2005/04/15,V,511271,148021
PT,21432814,3201,Šmartno v Rožni dolini,18.3,2005/04/15,2005/04/15,V,519820,127345
PT,21432822,3325,Šoštanj,96.42,2005/04/15,2005/04/15,V,499340,138846
PT,21432849,6222,Štanjel,47.78,2005/04/15,2005/04/15,V,413468,78287
PT,21432857,3220,Štore,32.01,2005/04/15,2005/04/15,V,522820,117885
PT,21432865,3304,Tabor,34.71,2005/04/15,2005/04/15,V,502488,123134
PT,21432873,3221,Teharje,4.79,2005/04/15,2005/04/15,V,523850,121915
PT,21432881,9251,Tišina,38.81,2005/04/15,2005/04/15,V,580412,172443
PT,21432890,5220,Tolmin,142.7,2005/04/15,2005/04/15,V,402358,116998
PT,21432903,3326,Topolšica,6.43,2005/04/15,2005/04/15,V,501470,141016
PT,21432911,2371,Trbonje,11.57,2005/04/15,2005/04/15,V,507301,161636
PT,21432920,1420,Trbovlje,37.48,2005/04/15,2005/04/15,V,503790,112215
PT,21432938,8231,Trebelno,48.31,2005/04/15,2005/04/15,V,511469,87185
PT,21432946,8210,Trebnje,54.36,2005/04/15,2005/04/15,V,500669,85615
PT,21432954,5252,Trnovo pri Gorici,70.21,2005/04/15,2005/04/15,V,407548,101637
PT,21432962,2254,Trnovska vas,21.99,2005/04/15,2005/04/15,V,568881,154104
PT,21432989,1222,Trojane,22.82,2005/04/15,2005/04/15,V,488340,116716
PT,21432997,1236,Trzin,8.62,2005/04/15,2005/04/15,V,466399,110806
PT,21433004,4290,Tržič,141.29,2005/04/15,2005/04/15,V,446810,136457
PT,21433012,8295,Tržišče,43.19,2005/04/15,2005/04/15,V,521150,93375
PT,21433039,1311,Turjak,27.02,2005/04/15,2005/04/15,V,470649,85346
PT,21433047,9224,Turnišče,23.85,2005/04/15,2005/04/15,V,601273,165266
PT,21433055,8323,Uršna sela,40.09,2005/04/15,2005/04/15,V,510257,66249
PT,21433063,1252,Vače,27.9,2005/04/15,2005/04/15,V,485599,108016
PT,21433071,1336,Kostel,56.11,2008/03/13,2008/03/13,V,490808,37465
PT,21433080,3320,Velenje,83.55,2005/04/15,2005/04/15,V,506766,139846
PT,21433098,8212,Velika Loka,30.18,2005/04/15,2005/04/15,V,495879,86385
PT,21433101,2274,Velika Nedelja,28.41,2005/04/15,2005/04/15,V,584751,146413
PT,21433110,9225,Velika Polana,18.68,2005/04/15,2005/04/15,V,603262,160023
PT,21433128,1315,Velike Lašče,45.31,2005/04/15,2005/04/15,V,471098,73306
PT,21433136,8213,Veliki Gaber,20.32,2005/04/15,2005/04/15,V,493579,84615
PT,21433144,9241,Veržej,16.63,2005/04/15,2005/04/15,V,592072,157613
PT,21433152,1312,Videm - Dobrepolje,63.17,2008/10/10,2008/10/10,V,476269,78776
PT,21433179,2284,Videm pri Ptuju,36.86,2005/04/15,2005/04/15,V,568211,140154
PT,21433187,8344,Vinica,87.94,2005/04/15,2005/04/15,V,515768,38155
PT,21433195,5271,Vipava,86.08,2005/04/15,2005/04/15,V,416918,82317
PT,21433209,4212,Visoko,5.24,2005/04/15,2005/04/15,V,456330,125247
PT,21433217,1294,Višnja Gora,32.85,2005/04/15,2005/04/15,V,482879,89006
PT,21433225,3205,Vitanje,59.19,2005/04/15,2005/04/15,V,522851,137925
PT,21433241,2255,Vitomarci,16.94,2005/04/15,2005/04/15,V,571701,154324
PT,21433250,1217,Vodice,29.92,2005/04/15,2005/04/15,V,461029,116417
PT,21433268,3212,Vojnik,28.56,2005/04/15,2005/04/15,V,523510,128215
PT,21433276,5293,Volčja Draga,12.95,2005/04/15,2005/04/15,V,399648,88097
PT,21433284,2232,Voličina,25.84,2005/04/15,2005/04/15,V,562312,157764
PT,21433292,3305,Vransko,47.62,2005/04/15,2005/04/15,V,496280,122876
PT,21433306,6217,Vremski Britof,62.7,2005/04/15,2005/04/15,V,423938,57726
PT,21433314,1360,Vrhnika,87.56,2005/04/15,2005/04/15,V,439319,90167
PT,21433322,2365,Vuhred,33.76,2005/04/15,2005/04/15,V,518142,161886
PT,21433349,2367,Vuzenica,48.28,2005/04/15,2005/04/15,V,509601,161576
PT,21433357,8292,Zabukovje,29.07,2005/04/15,2005/04/15,V,526370,103005
PT,21433365,1410,Zagorje ob Savi,46.51,2005/04/15,2005/04/15,V,501310,112416
PT,21433373,1303,Zagradec,61.48,2005/04/15,2005/04/15,V,486029,80816
PT,21433381,2283,Zavrč,19.25,2005/04/15,2005/04/15,V,580571,138944
PT,21433390,8272,Zdole,16.59,2005/04/15,2005/04/15,V,543520,93125
PT,21433403,4201,Zgornja Besnica,32.34,2005/04/15,2005/04/15,V,447929,123337
PT,21433411,2242,Zgornja Korena,18.22,2005/04/15,2005/04/15,V,558282,152964
PT,21433420,2201,Zgornja Kungota,49.88,2005/04/15,2005/04/15,V,547012,166765
PT,21433438,2316,Zgornja Ložnica,54.26,2005/04/15,2005/04/15,V,541451,138105
PT,21433446,2314,Zgornja Polskava,13.05,2005/04/15,2005/04/15,V,546811,142015
PT,21433454,2213,Zgornja Velka,23.88,2005/04/15,2005/04/15,V,561472,173614
PT,21433462,4247,Zgornje Gorje,128.81,2005/04/15,2005/04/15,V,428759,138008
PT,21433489,4206,Zgornje Jezersko,68.73,2005/04/15,2005/04/15,V,461290,139607
PT,21433519,2285,Zgornji Leskovec,30.11,2005/04/15,2005/04/15,V,574886,130619
PT,21433527,1432,Zidani Most,15.05,2005/04/15,2005/04/15,V,515018,104735
PT,21433535,3214,Zreče,52.84,2005/04/15,2005/04/15,V,531843,135381
PT,21433551,4209,Žabnica,21.8,2005/04/15,2005/04/15,V,448019,118317
PT,21433560,3310,Žalec,45.29,2005/04/15,2005/04/15,V,512640,123485
PT,21433586,4228,Železniki,111.73,2005/04/15,2005/04/15,V,435131,120175
PT,21433594,2287,Žetale,38,2005/04/15,2005/04/15,V,561401,126594
PT,21433608,4226,Žiri,44.13,2005/04/15,2005/04/15,V,435814,100709
PT,21433616,4274,Žirovnica,45.47,2005/04/15,2005/04/15,V,432200,142288
PT,21433624,8360,Žužemberk,60.13,2005/04/15,2005/04/15,V,494499,81255
PT,24034658,9246,Razkrižje,9.88,2010/11/19,2010/11/19,V,597831,154173
