ENOTA,SL_MID,SL_ID,SL_UIME,POV_KM2,D_OD,DV_OD,STATUS,CEN_E,CEN_N
SL,16568368,137010,Osnovna šola Vitanje,59.33,1999/03/30,1999/03/30,V,522331,139585
SL,16568929,144010,Osnovna šola Zreče,40.41,1999/07/01,1999/07/01,V,529861,137375
SL,16568937,144011,Podružnična šola Gorenje,15.4,1999/07/01,1999/07/01,V,530461,140875
SL,16568945,144012,Podružnična šola Stranice,11.19,1999/07/01,1999/07/01,V,528201,134855
SL,16569097,114010,Osnovna šola Loče,22.15,1999/07/12,1999/07/14,V,539161,129485
SL,16569119,114020,Osnovna šola Ob Dravinji,10.76,1999/07/12,1999/07/14,V,534941,133805
SL,16569127,114030,Osnovna šola Pod goro,19.83,1999/07/12,1999/07/14,V,531401,133415
SL,16569135,114011,Podružnična šola Jernej,13.43,1999/07/30,1999/07/30,V,539781,131635
SL,16569143,114012,Podružnična šola Žiče,7.12,1999/07/30,1999/07/30,V,535861,131005
SL,16569151,114021,Podružnična šola Tepanje,7.03,1999/07/30,1999/07/30,V,536381,133935
SL,16569160,114031,Podružnična šola Špitalič,17.39,1999/07/30,1999/07/30,V,531831,130025
SL,16681598,120010,OŠ Blaža Kocena Ponikva,32.91,1999/11/08,1999/11/08,V,535650,125535
SL,16681709,120020,OŠ Dramlje,27.7,1999/11/08,1999/11/08,V,531020,127525
SL,16681717,120030,OŠ Frana Malgaja Šentjur,9.72,1999/11/08,1999/11/08,V,530430,119795
SL,16681725,120031,Podružnična šola Blagovna,17.74,1999/11/08,1999/11/08,V,528810,122345
SL,16681733,120040,OŠ Hruševec - Šentjur,24.82,1999/11/08,1999/11/08,V,531040,117725
SL,16681741,120041,Podružnična šola Kalobje,11.01,1999/11/08,1999/11/08,V,530330,114485
SL,16681750,120050,OŠ Planina pri Sevnici,42.62,1999/11/08,1999/11/08,V,532150,106775
SL,16681768,120060,OŠ Slivnica pri Celju,24.48,1999/11/08,1999/11/08,V,533710,115255
SL,16681776,120061,Podruž. šola Loka pri Žusmu,17.75,1999/11/08,1999/11/08,V,538360,111285
SL,16681784,120062,Podružnična šola Prevorje,13.63,1999/11/08,1999/11/08,V,536821,109486
SL,16681792,154010,OŠ Dobje pri Planini,17.46,1999/11/08,1999/11/08,V,530480,110865
SL,16787612,106010,I. OŠ Rogaška Slatina,21.4,1999/01/12,1999/01/12,V,549210,121504
SL,16787639,106011,Podružnična šola Kostrivnica,20.68,1999/01/12,1999/01/12,V,545550,124555
SL,16787647,106012,Podružnična šola Sv. Florijan,9.64,1999/01/12,1999/01/12,V,552100,124814
SL,16787655,106020,II. OŠ Rogaška Slatina,18.02,1999/01/12,1999/01/12,V,548510,123624
SL,16788007,124010,OŠ Šmarje pri Jelšah,35.67,1999/05/13,1999/05/13,V,539970,121055
SL,16788104,124011,Podružnična šola Kristan Vrh,8.94,1999/05/13,1999/05/13,V,543960,120975
SL,16788198,124012,Podružnična šola Mestinje,7.94,1999/05/13,1999/05/13,V,542090,123425
SL,16788201,124013,Podružnična šola Sladka Gora,8.21,1999/05/13,1999/05/13,V,540870,125195
SL,16788210,124014,Podružnična šola Sveti Štefan,15.4,1999/05/13,1999/05/13,V,538700,115425
SL,16788228,124015,Podružnična šola Šentvid,14.78,1999/05/13,1999/05/13,V,535540,119395
SL,16788236,124016,Podružnična šola Zibika,14.28,1999/05/13,1999/05/13,V,542800,117005
SL,16788244,92010,OŠ Podčetrtek,34.6,1999/05/13,1999/05/13,V,543670,111725
SL,16788252,92011,P. šola Pristava pri Mestinju,20.59,1999/05/13,1999/05/13,V,544380,115745
SL,16788279,149010,OŠ Bistrica ob Sotli,40.6,1999/05/17,1999/05/17,V,549390,102014
SL,16788287,107010,OŠ Rogatec,6.24,1999/05/17,1999/05/17,V,553980,121304
SL,16788295,107011,Podružnična šola Dobovec,18.46,1999/05/17,1999/05/17,V,558150,121964
SL,16788309,107012,Podružnična šola Donačka gora,14.8,1999/05/17,1999/05/17,V,555300,123444
SL,16799327,51010,Osnovna šola Kozje,60.42,2000/09/29,2000/10/09,V,543690,103614
SL,16799378,51020,Osnovna šola Lesično,29.33,2000/09/29,2000/10/09,V,541160,106155
SL,16897736,11010,I. osnovna šola Celje,3.31,1998/08/06,1998/08/12,V,520332,122752
SL,16898066,11020,II. osnovna šola Celje,5.49,1998/08/06,1998/08/12,V,519670,121865
SL,16898279,11030,III. osnovna šola Celje,0.7,1998/08/06,1998/08/12,V,520740,120415
SL,16898406,11040,IV. osnovna šola Celje,0.67,1998/08/06,1998/08/12,V,519720,122596
SL,16898481,11050,Osnovna šola Frana Kranjca,19.11,1998/08/06,1998/08/12,V,518100,117735
SL,16898678,11070,Osnovna šola Hudinja,4.55,1998/08/06,1998/08/12,V,520900,126205
SL,16898686,11090,Osnovna šola Ljubečna,19.92,1998/08/06,1998/08/12,V,523230,120625
SL,16898694,11080,Osnovna šola Lava,13.54,1998/08/06,1998/08/12,V,519747,125693
SL,16898724,11060,Osnovna šola Frana Roša,2.09,1998/08/06,1998/08/12,V,520010,125465
SL,16899879,139020,Osnovna šola Frankolovo,21.32,1998/09/11,1998/09/14,V,525491,134135
SL,16899887,139010,Osnovna šola Dobrna,33,1998/09/11,1998/09/14,V,519081,136625
SL,16899895,139030,Osnovna šola Vojnik,27.75,1998/09/11,1998/09/14,V,523090,126245
SL,16899909,139031,Podružnična šola Nova Cerkev,15.28,1998/09/11,1998/09/14,V,520210,132365
SL,16899917,139032,Podružnična šola Socka,11,1998/09/11,1998/09/14,V,520011,134275
SL,16899925,139033,Podružnična šola Šmartno v Rož,15.18,1998/09/11,1998/09/14,V,520380,128255
SL,16905526,127010,osnovna šola Štore,20.47,1999/08/11,1999/08/11,V,525050,120055
SL,16905534,127011,osnovna šola Kompole,7.71,1999/08/11,1999/08/11,V,526710,119185
SL,16907677,99010,OŠ Marjana Nemca Radeče,37.43,1999/02/10,1999/02/10,V,511160,102715
SL,16907685,99011,Podružnična šola Svibno,14.6,1999/02/10,1999/02/10,V,507530,102655
SL,16907693,57010,OŠ A. Aškerca Rimske Toplice,27.84,1999/02/10,1999/02/10,V,515940,109305
SL,16907707,57011,Podružnična šola Jurklošter,39.09,1999/02/10,1999/02/10,V,522880,104585
SL,16907715,57012,Podružnična šola Laziše,6.02,1999/02/10,1999/02/10,V,517890,109745
SL,16907723,57013,Podružnična šola Sedraž,7.63,1999/02/10,1999/02/10,V,513430,111715
SL,16907731,57014,Podružnična šola Zidani Most,12.89,1999/02/10,1999/02/10,V,514490,106255
SL,16907740,57020,OŠ Primoža Trubarja Laško,20.84,1999/02/10,1999/02/10,V,518430,112975
SL,16907758,57021,Podružnična šola Rečica,17.43,1999/02/10,1999/02/10,V,512630,114955
SL,16907766,57022,Podružnična šola Reka,8.71,1999/02/10,1999/02/10,V,521590,112935
SL,16907774,57023,Podružnična šola Šentrupert,19.39,1999/02/10,1999/02/10,V,525490,113665
SL,16907782,57024,Podružnič. šola Vrh nad Laškim,19.13,1999/02/10,1999/02/10,V,522160,109915
SL,16915025,57025,Podružnična šola Debro,18.55,2002/10/29,2002/11/20,V,517780,113735
SL,16918008,38010,OŠ A. Žnideršiča Il. Bistrica,58.8,1999/03/17,1999/03/17,V,441668,47826
SL,16918016,38020,OŠ D. Ketteja Ilirska Bistrica,172.07,1999/03/17,1999/03/17,V,439228,51306
SL,16918024,38030,OŠ Jelšane,35.65,1999/03/17,1999/03/17,V,443058,40316
SL,16918032,38040,OŠ Podgora Kuteževo,43.41,1999/03/17,1999/03/17,V,448838,42976
SL,16918059,38050,OŠ R. M. Brkinca Pregarje,20.19,1999/03/17,1999/03/17,V,430868,49536
SL,16918067,38060,OŠ R. Ukoviča Podgrad,61.85,1999/03/17,1999/03/17,V,433041,42842
SL,16918075,38070,OŠ T. Tomšiča Knežak,87.93,1999/03/17,1999/03/17,V,444318,53586
SL,17032267,40010,OŠ Livade,2.08,1999/01/25,1999/01/25,V,394662,43862
SL,17032313,40020,OŠ Vojke Šmuc Izola,10.3,1999/01/25,1999/01/25,V,395487,45087
SL,17032321,40021,Podružnična OŠ Korte,15.8,1999/05/15,1999/12/10,V,394367,41117
SL,17032330,90010,OŠ Cirila Kosmača Piran,0.93,1999/01/26,1999/01/26,V,388317,44187
SL,17032348,90011,Dislocirani odd. v Portorožu,2.73,1999/01/26,1999/01/26,V,389169,43075
SL,17032356,90020,OŠ Lucija,7.18,1999/01/26,1999/01/26,V,391067,41707
SL,17032364,90021,Podružnična OŠ Strunjan,3.52,1999/05/15,1999/12/10,V,390877,43687
SL,17032372,90030,OŠ Sečovlje,18.54,1999/01/26,1999/01/26,V,391861,38216
SL,17032399,90031,Podružnična OŠ Sv. Peter,10.6,1999/05/15,1999/12/10,V,396677,37087
SL,17032950,50010,OŠ Antona Ukmarja Koper,3.79,1999/04/16,1999/05/27,V,398507,45537
SL,17032968,50020,OŠ Dekani,98.45,1999/04/16,1999/05/27,V,407877,45487
SL,17032976,50030,OŠ Aleš Bebler-Primož Hrvatini,5.56,1999/04/16,1999/05/27,V,401667,50647
SL,17032984,50040,OŠ Dušana Bordona Semedela - Koper,0.8,2008/08/21,2008/08/22,V,399967,44937
SL,17032992,50999,skupni okoliš 050040_050010,0.02,1999/04/16,1999/05/27,V,399827,45317
SL,17033000,50998,skupni okoliš 050070_050040,1.04,2007/01/22,2007/01/30,V,400497,44287
SL,17033018,50997,Skupni okoliš 050060_050100,3.23,2005/02/18,2005/02/18,V,405411,43959
SL,17033026,50050,OŠ Istrskega odreda Gračišče,74.74,1999/04/16,1999/05/27,V,414027,39716
SL,17033034,50060,OŠ Ivana Babiča-Jagra Marezige,33,1999/04/16,1999/05/27,V,405927,41717
SL,17033042,50070,OŠ Koper,12.63,2007/01/22,2007/01/30,V,400667,46117
SL,17033069,50080,OŠ Oskarja Kovačiča Škofije,13.57,1999/04/16,1999/05/27,V,406447,48827
SL,17033085,50100,OŠ Elvire Vatovec Prade - Koper,8.67,2001/05/26,2001/05/28,V,404427,45117
SL,17033093,50110,OŠ Šmarje pri Kopru,37.64,1999/04/16,1999/05/27,V,399827,40947
SL,17033107,50031,Podružnična OŠ Ankaran,8.04,1999/05/15,1999/12/10,V,401687,49397
SL,17034669,50101,Podružnična OŠ Sv.  Anton,10.36,2005/02/18,2005/02/18,V,407867,43907
SL,17103393,40999,Skupni okoliš 040010_040020,0.32,2022/01/12,2022/01/12,V,395497,44537
SL,17138715,91010,Osnovna šola Košana,50.35,1998/11/04,1998/11/04,V,430968,58746
SL,17138723,91020,Osnovna šola Pivka,141.68,1998/11/04,1998/11/04,V,437398,60376
SL,17138731,91021,Podružnična šola Šmihel,16.58,1998/11/04,1998/11/04,V,435958,57006
SL,17138740,91022,Podružnična šola Zagorje,14.7,1998/11/04,1998/11/04,V,439358,57606
SL,17138839,94010,OŠ Antona Globočnika Postojna,4.31,1998/12/07,1998/12/07,V,439028,70266
SL,17138847,94011,Podružnična šola Bukovje,43.23,1998/12/07,1998/12/07,V,433148,76047
SL,17138855,94012,Podružnična šola Planina,38.15,1998/12/07,1998/12/07,V,442248,77486
SL,17138863,94013,Podružnična šola Studeno,10.96,1998/12/07,1998/12/07,V,435678,76737
SL,17138871,94020,Osnovna šola Prestranek,50.37,1998/12/07,1998/12/07,V,436408,66046
SL,17138880,94030,OŠ Miroslava Vilharja Postojna,57.34,1998/12/07,1998/12/07,V,438848,70966
SL,17138898,94031,Podružnična šola Hruševje,65.51,1998/12/07,1998/12/07,V,429648,70586
SL,17248855,35010,OŠ Dragomirja Benčiča Brkina,82.83,1998/12/08,1998/12/22,V,417918,52006
SL,17248863,35011,Podružnična šola Materija,33.25,1998/12/08,1998/12/22,V,422128,49406
SL,17248871,35012,Podružnična šola Obrov,58.93,1998/12/08,1998/12/22,V,426728,46256
SL,17248880,35013,Podružnična šola Slivje,11.82,1998/12/08,1998/12/22,V,425648,48406
SL,17248898,19010,OŠ Dr.Bogomirja Magajne Divača,34.44,1998/12/08,1998/12/22,V,419778,60746
SL,17248901,19011,Podružnična šola Misliče,39.63,1998/12/08,1998/12/22,V,425838,52736
SL,17248910,19012,Podružnična šola Senožeče,49.51,1998/12/08,1998/12/22,V,425168,64906
SL,17248928,19013,Podružnična šola Vreme,26.78,1998/12/08,1998/12/22,V,423938,57726
SL,17249240,136012,Podružnična šola Podnanos,5.47,1999/06/22,1999/06/22,V,424058,69626
SL,17259954,111020,Osnovna šola Srečka Kosovela Sežana,125.81,2004/06/24,2004/06/24,V,412438,71817
SL,17259962,111021,Podružnična šola Lokev,18.35,2005/04/28,2005/04/28,V,416129,58796
SL,17259989,111010,Osnovna šola Dutovlje,26.31,2004/06/24,2004/06/24,V,409758,68687
SL,17260456,111012,podružnična šola Tomaj,18.05,2005/04/28,2005/04/28,V,411938,67867
SL,17260464,111011,Podružnična šola Pliskovica,25,2005/04/28,2005/04/28,V,406928,70617
SL,17260472,49010,"OŠ Antona Šibelja - Stjenka, Komen",72.69,2005/04/28,2005/04/28,V,402918,75877
SL,17260499,49011,Podružnična osnovna šola Štanjel,30.98,2005/04/28,2005/04/28,V,407838,75557
SL,17358219,192010,OŠ Žirovnica,42.56,1999/09/21,1999/09/21,V,433720,140858
SL,17358235,53010,Osnovna šola Kranjska Gora,145.11,1999/11/05,1999/11/08,V,406879,150238
SL,17358243,53020,OŠ 16.decembra Mojstrana,111.32,1999/11/05,1999/11/08,V,418479,147468
SL,17358251,41010,Osnovna šola Koroška Bela,36.5,1999/11/05,1999/11/08,V,429830,143308
SL,17358260,41020,Osnovna šola Prežihov Voranc,6.03,1999/11/05,1999/11/08,V,427780,144528
SL,17358278,41030,Osnovna šola Tone Čufar,33.36,1999/11/05,1999/11/08,V,425830,146388
SL,17473450,117010,Osnovna šola Šenčur,16.79,1999/03/03,1999/03/05,V,455787,124495
SL,17473468,117011,Podružnična šola Olševek,8.86,1999/03/03,1999/03/05,V,455420,127407
SL,17473476,117012,Podružnična šola Trboje,5.29,1999/03/03,1999/03/05,V,454809,117577
SL,17473484,117013,Podružnična šola Voklo,9.36,1999/03/03,1999/03/05,V,455449,119627
SL,17473492,12010,Osnovna šola Davorina Jenka,59.47,1999/03/11,1999/03/11,V,458760,125837
SL,17473506,12011,Podružnična šola Zalog,18.51,1999/03/03,1999/03/05,V,464480,121577
SL,17473557,82010,Osnovna šola Naklo,9.91,1999/03/11,1999/03/11,V,447770,126487
SL,17473565,82011,Podružnična šola Duplje,8.69,1999/03/11,1999/03/11,V,446220,129107
SL,17473573,82012,Podružnična šola Podbrezje,9.63,1999/03/11,1999/03/11,V,443120,128427
SL,17473581,95010,Osnovna šola Matije Valjavca,34.19,1999/03/11,1999/03/11,V,453730,131527
SL,17473590,95011,Podružnična šola Kokra,52.82,1999/03/11,1999/03/11,V,461430,131287
SL,17473603,95012,Podružnična šola Jezersko,68.73,1999/03/12,1999/03/12,V,461290,139607
SL,17473611,131010,Osnovna šola Bistrica,14.44,1999/03/11,1999/03/11,V,445440,134597
SL,17473620,131011,Podružnična šola Kovor,6.6,1999/03/11,1999/03/11,V,444460,133877
SL,17473646,131020,Osnovna šola Križe,14.07,1999/03/11,1999/03/11,V,445470,133707
SL,17473654,131030,Osnovna šola Zali rovt,60.34,1999/03/11,1999/03/11,V,446810,136457
SL,17473662,131031,Podružnična šola Lom,23.09,1999/03/11,1999/03/11,V,448910,137167
SL,17473689,131032,Podružnična šola Podljubelj,36.83,1999/03/11,1999/03/11,V,445170,140057
SL,17473697,52040,Osnovna šola Stražišče Kranj,17,1999/03/11,1999/03/11,V,444049,119567
SL,17473719,52041,Podružnična šola Besnica,21.47,1999/03/11,1999/03/11,V,441569,125717
SL,17473727,52042,Podružnična šola Podblica,10.88,1999/03/11,1999/03/11,V,440239,124807
SL,17473735,52043,Podružnična šola Žabnica,16.47,1999/03/11,1999/03/11,V,447449,118107
SL,17473743,52050,Osnovna šola Orehek Kranj,5.42,1999/03/12,1999/03/12,V,450539,120877
SL,17473751,52051,Podružnična šola Mavčiče,11.27,1999/03/12,1999/03/12,V,453679,117657
SL,17473760,52060,Osnovna šola Matije Čopa Kranj,1.19,1999/03/12,1999/03/12,V,451049,122277
SL,17485571,52010,Osnovna šola Franceta Prešerna Kranj,4.29,2001/02/22,2001/02/22,V,450059,123607
SL,17485580,52011,Podružnična šola Kokrica,7.86,2001/02/21,2001/02/21,V,451020,126287
SL,17485598,52020,Osnovna šola Jakoba Aljaža Kranj,0.39,2001/02/22,2001/02/22,V,450819,121997
SL,17485610,52080,Osnovna šola Predoslje,10.75,2001/02/21,2001/02/21,V,451320,124997
SL,17485628,52030,Osnovna šola Simona Jenka Kranj,1.76,2001/02/22,2001/02/22,V,450879,123487
SL,17485644,52031,Podružnična šola Goriče,12.97,2022/01/07,2022/01/07,V,448380,129737
SL,17485652,52091,Podružnična šola Primskovo,4.45,2022/01/07,2022/01/07,V,450789,123067
SL,17485679,52032,Podružnična šola Trstenik,18.65,2022/01/07,2022/01/07,V,449690,128197
SL,17485687,52070,Osnovna šola Staneta Žagarja Kranj,5.68,2001/02/22,2001/02/22,V,450309,122297
SL,17517970,52090,Osnovna šola Janeza Puharja Kranj - Center,0.42,2022/01/07,2022/01/07,V,450299,122567
SL,17578235,3010,Osnovna šola Gorje,116.1,1999/03/08,1999/03/08,V,425299,138958
SL,17578243,3020,OŠ prof. dr. J. Plemlja Bled,18.49,1999/03/08,1999/03/08,V,431829,136948
SL,17578251,3021,Podružnična OŠ Bohinjska Bela,34.1,1999/03/08,1999/03/08,V,426369,134678
SL,17578260,3022,Podružnična OŠ Ribno,19.81,1999/03/08,1999/03/08,V,432069,132708
SL,17578278,4010,OŠ dr.J.Mencingerja Boh.Bistr.,232.27,1999/03/08,1999/03/08,V,419259,126588
SL,17578286,4011,Podruž. OŠ Srednja vas Bohinj,101.57,1999/03/08,1999/03/08,V,412809,129218
SL,17578294,102010,OŠ A. T. Linharta Radovljica,28.69,1999/03/08,1999/03/08,V,436269,133978
SL,17578308,102011,Podružnična OŠ Ljubno,6.47,1999/03/08,1999/03/08,V,441450,130717
SL,17578316,102012,Podružnična OŠ Mošnje,14.5,1999/03/08,1999/03/08,V,439140,133157
SL,17578324,102020,OŠ Frana S. Finžgarja Lesce,8.83,1999/03/08,1999/03/08,V,435250,136419
SL,17578332,102030,OŠ Staneta Žagarja Lipnica,14.25,1999/03/08,1999/03/08,V,438559,129467
SL,17578359,102031,Podružnična OŠ Ovsiše,14.36,1999/03/08,1999/03/08,V,441389,128167
SL,17578367,102999,Skupni okoliš 102010-102020,31.54,1999/03/08,1999/03/08,V,439419,138124
SL,17691708,128030,OŠ Simona Kosa Podbrdo,3.4,1999/03/11,1999/03/12,V,422559,117968
SL,17691902,146010,Osnovna šola Železniki,72.68,1999/03/30,1999/03/30,V,435131,120175
SL,17691929,146011,Podružnična šola Davča,21.69,1999/03/30,1999/03/30,V,425549,116007
SL,17691937,146012,Podružnična šola Dražgoše,19.7,1999/03/30,1999/03/30,V,435429,124287
SL,17691945,146013,Podružnična šola Selca,20,1999/03/30,1999/03/30,V,438399,121567
SL,17691953,146014,Podružnična šola Sorica,26.32,1999/03/30,1999/03/30,V,425089,120908
SL,17692402,27010,OŠ Ivana Tavčarja Gorenja vas,80.84,1999/07/28,1999/07/28,V,431309,107137
SL,17692437,27012,Podružnična šola Lučine,11.64,1999/07/28,1999/07/28,V,437829,102747
SL,17692445,27013,Podružnična šola Sovodenj,10.97,1999/07/28,1999/07/28,V,425679,105487
SL,17692453,27020,Osnovna šola Poljane,43.47,1999/07/28,1999/07/28,V,437199,109417
SL,17692461,27021,Podružnična šola Javorje,16.24,1999/07/28,1999/07/28,V,436129,113727
SL,17695878,147010,Osnovna šola Žiri,49.23,2004/09/29,2004/09/29,V,430989,101077
SL,17695886,122010,Osnovna šola Škofja Loka-Mesto,61.15,2014/02/03,2014/02/04,V,446199,114737
SL,17695894,122020,Osnovna šola Cvetka Golarja,17.3,2018/01/25,2018/01/25,V,447439,114507
SL,17695908,122021,Podružnična šola Reteče,9.3,2018/01/25,2018/01/25,V,449899,114177
SL,17695916,122030,Osnovna šola Ivana Groharja,14.88,2018/01/25,2018/01/25,V,445179,114907
SL,17695924,122031,Podružnična šola Tadeusz Sadowski Bukovica,13.97,2018/01/25,2018/01/25,V,440669,117077
SL,17695932,122032,Podružnična šola Bukovščica,7.89,2018/01/25,2018/01/25,V,443709,121287
SL,17695959,122033,Podružnična šola Sv. Lenart nad Lušo,11.67,2018/01/25,2018/01/25,V,439929,116447
SL,17801694,23010,OŠ Dob pri Domžalah,16.97,1999/01/12,1999/01/13,V,471269,112776
SL,17801708,23011,Podružnična šola Krtina,6.95,1999/01/12,1999/01/13,V,473099,112156
SL,17801716,23020,OŠ Domžale,2.23,1999/01/12,1999/01/13,V,469229,111866
SL,17801724,23021,Podružnična šola Ihan,10.41,1999/01/12,1999/01/13,V,470299,109056
SL,17801732,23030,OŠ Preserje pri Radomljah,17.77,1999/01/12,1999/01/13,V,471170,115756
SL,17801759,23040,OŠ Rodica - Domžale,3.55,1999/01/12,1999/01/13,V,468599,112986
SL,17801775,186010,OŠ Trzin,8.61,1999/01/12,1999/01/13,V,466399,110806
SL,17801783,23050,OŠ Venclja Perka - Domžale,7.46,1999/01/12,1999/01/13,V,468859,109626
SL,17801791,23060,Osnovna šola Dragomelj,6.94,2007/07/26,2007/07/26,V,468839,107776
SL,17801805,68010,OŠ J. Kersnika Brdo - Lukovica,29.24,1999/01/12,1999/01/13,V,476000,114356
SL,17801813,68011,Podružnična šola Blagovica,34.61,1999/01/12,1999/01/13,V,482710,115576
SL,17801821,68012,Podružnična šola Krašnja,10.98,1999/01/12,1999/01/13,V,480500,114406
SL,17801830,72010,OŠ Mengeš,22.44,1999/01/12,1999/01/13,V,466639,113737
SL,17801848,77011,Podružnična šola Vrhpolje,8.13,1999/01/12,1999/01/13,V,477549,109556
SL,17801856,77010,OŠ Jurija Vege - Moravče,53.23,1999/01/12,1999/01/13,V,480209,110796
SL,17911104,32010,OŠ Brinje Grosuplje,12.24,1999/03/24,1999/03/24,V,474029,91786
SL,17911112,32011,Podružnična šola Polica,20.27,1999/03/24,1999/03/24,V,476309,93656
SL,17911139,32020,OŠ Louisa Adamiča Grosuplje,10.66,1999/03/24,1999/03/24,V,472299,90686
SL,17911147,32030,OŠ Šmarje Sap,15.49,2017/04/13,2017/04/13,V,469229,93286
SL,17911155,32022,Podružnična šola Žalna,24.11,1999/03/24,1999/03/24,V,476739,87856
SL,17911163,32023,Podružnična šola Št. Jurij,30.14,1999/03/24,1999/03/24,V,469869,86686
SL,17911171,32024,Podružnična šola Kopanj,12.4,1999/03/24,1999/03/24,V,475949,84976
SL,17911180,20010,Osnovna šola Videm,46.64,1999/03/24,1999/03/24,V,476269,78776
SL,17911198,20011,Podružnična šola Ponikve,7.35,1999/03/24,1999/03/24,V,472559,79666
SL,17911201,20012,Podružnična šola Kompolje,12.02,1999/03/24,1999/03/24,V,477689,75256
SL,17911210,20013,Podružnična šola Struge,37.14,1999/03/24,1999/03/24,V,482618,71476
SL,17911228,39010,OŠ Stična,11.5,2020/07/10,2020/07/10,V,484719,88636
SL,17911236,39031,Podružnična šola Ambrus,26.91,2020/07/10,2020/07/10,V,486149,75445
SL,17911244,39032,Podružnična šola Krka,29.03,2020/07/10,2020/07/10,V,483389,81776
SL,17911252,39011,Podružnična šola Muljava,19.79,2020/07/10,2020/07/10,V,484379,84686
SL,17911279,39012,Podružnična šola Stična,24.78,2020/07/10,2020/07/10,V,484919,93356
SL,17911287,39013,Podružnična šola Višnja Gora,32.9,2020/07/10,2020/07/10,V,480019,90936
SL,17911295,39030,OŠ Zagradec,20.52,2020/07/10,2020/07/10,V,486919,80286
SL,17911309,39020,OŠ Šentvid pri Stični,28.78,1999/03/24,1999/03/24,V,488371,89019
SL,17911317,39021,Podružnična šola Hrastov Dol,12.11,1999/03/24,1999/03/24,V,489109,85296
SL,17911325,39022,Podružnična šola Temenica,16.63,1999/03/24,1999/03/24,V,491119,92806
SL,17911333,39999,Skupni ŠO 039022-130050,4.06,1999/03/24,1999/03/24,V,492629,90686
SL,17946889,32999,SK ŠO 032010 032030,0.94,2020/01/15,2020/01/15,V,472149,92136
SL,17946897,32998,SK ŠO 032020 032030,0.47,2020/01/15,2020/01/15,V,472209,91756
SL,17946919,32997,SK ŠO 032010 032020,0.08,2020/01/15,2020/01/15,V,473470,90860
SL,17946927,32996,SK ŠO 032022 032024,7.03,2020/01/15,2020/01/15,V,479019,82566
SL,18018861,43010,OŠ Frana Albrehta Kamnik,2.13,2015/02/10,2015/02/10,V,469980,120777
SL,18018870,43011,Podružnična šola Mekinje,3.23,1999/04/28,1999/04/28,V,470120,121897
SL,18018888,43012,Podružnična šola Nevlje,9.07,1999/04/28,1999/04/28,V,471570,121207
SL,18018896,43013,Podružnična šola Tunjice,7.79,1999/04/28,1999/04/28,V,467120,121717
SL,18018900,43014,Podružnična šola Vranja peč,8.98,1999/04/28,1999/04/28,V,473990,118966
SL,18018918,43020,OŠ Marije Vere,8.94,1999/04/28,1999/04/28,V,469370,117626
SL,18018926,43030,OŠ Stranje,94.68,1999/04/28,1999/04/28,V,469000,125547
SL,18018934,43031,Podružnična šola Gozd,19.9,1999/04/28,1999/04/28,V,474760,124606
SL,18018942,43040,OŠ Šmartno,28.27,1999/04/28,1999/04/28,V,478630,121236
SL,18018969,43041,Podružnična šola Motnik,21.73,1999/04/28,1999/04/28,V,490900,119436
SL,18018977,43042,Podružnična šola Sela,9.16,1999/04/28,1999/04/28,V,475440,122176
SL,18018985,43043,Podružnič. šola Zgornji Tuhinj,38.19,1999/04/28,1999/04/28,V,483780,120336
SL,18018993,43050,OŠ Toma Brejca,7.05,1999/04/28,1999/04/28,V,467780,119207
SL,18019019,164010,OŠ Komenda Moste,24.05,1999/04/28,1999/04/28,V,464430,118717
SL,18044714,43999,Skupni ŠO 043050 043010,4.91,2015/02/10,2015/02/10,V,470300,120097
SL,18044722,43998,Skupni ŠO 043050 043020,1.6,2015/02/10,2015/02/10,V,469950,119097
SL,18130092,66010,OŠ dr.A. Debeljaka Loški Potok,53.19,1999/02/09,1999/02/09,V,468078,62486
SL,18130106,66011,Podružnična šola Podpreska,81.15,1999/02/09,1999/02/09,V,473058,54826
SL,18130114,165010,OŠ Fara,53.12,1999/02/09,1999/02/09,V,490148,41375
SL,18130122,165011,Podružnična šola Osilnica,36.22,1999/02/09,1999/02/09,V,477248,44806
SL,18130149,104010,OŠ dr. F. Prešerna Ribnica,58.12,1999/02/09,1999/02/09,V,479048,66586
SL,18130157,104011,Podružnična šola Dolenja vas,57.61,1999/02/09,1999/02/09,V,480008,61976
SL,18130165,104012,Podružnična šola Sušje,24.03,1999/02/09,1999/02/09,V,475378,72296
SL,18130173,179010,OŠ dr. I. Prijatelja Sodražica,49.34,1999/02/09,1999/02/09,V,471708,69146
SL,18130181,179011,Podružnična šola Sveti Gregor,14.15,1999/02/09,1999/02/09,V,469998,72466
SL,18130343,48010,OŠ Ob Rinži Kočevje,83.87,1999/03/02,1999/03/05,V,495608,53986
SL,18130424,48011,Podružnična OŠ Kočevska Reka,156.58,1999/03/02,1999/03/05,V,488208,48006
SL,18130432,48012,Podružnična OŠ Livold,103.65,1999/03/02,1999/03/05,V,495898,47545
SL,18130459,48020,OŠ Stara Cerkev,151.06,1999/03/02,1999/03/05,V,487618,59006
SL,18130467,48021,Podružnična OŠ Željne,7.59,1999/03/02,1999/03/05,V,490878,57876
SL,18130475,48030,OŠ Zbora odposlancev Kočevje,16.3,1999/03/02,1999/03/05,V,488008,55766
SL,18130483,17010,OŠ Stari trg ob Kolpi,39.57,1999/03/17,1999/03/17,V,503178,44625
SL,18238551,60010,OŠ Gabrovka-Dole,42.42,1999/01/21,1999/01/29,V,498429,95505
SL,18238560,60011,Podružnična OŠ Dole pri Litiji,41.8,1999/01/21,1999/01/29,V,502379,99385
SL,18238578,60020,OŠ Gradec,9.59,1999/01/21,1999/01/29,V,486639,102416
SL,18238586,60021,Podružnična OŠ Hotič,10.44,1999/01/21,1999/01/29,V,486089,106616
SL,18238594,60022,Podružnična OŠ Jevnica,13.35,1999/01/21,1999/01/29,V,479209,104816
SL,18238608,60023,Podružnična OŠ Kresnice,7.41,1999/01/21,1999/01/29,V,483059,104886
SL,18238616,60024,Podružnična OŠ Vače,23.4,1999/01/21,1999/01/29,V,487770,108076
SL,18238624,60030,OŠ Litija,19.89,1999/01/21,1999/01/29,V,486869,101866
SL,18238632,60031,Podružnična OŠ Konjšica,9.12,1999/01/21,1999/01/29,V,497830,106396
SL,18238659,60032,Podružnična OŠ Polšnik,28.18,1999/01/21,1999/01/29,V,496980,103166
SL,18238667,60033,Podružnična OŠ Sava,4.29,1999/01/21,1999/01/29,V,491705,105530
SL,18238675,60040,OŠ Šmartno,42.12,1999/01/21,1999/01/29,V,491629,99736
SL,18238683,60041,Podružnična OŠ Javorje,5.5,1999/01/21,1999/01/29,V,488869,97246
SL,18238691,60042,Podružnična OŠ Primskovo,13.03,1999/01/21,1999/01/29,V,493309,93436
SL,18238705,60043,Podruž. OŠ Štangarske Poljane,29.42,1999/01/21,1999/01/29,V,481929,98736
SL,18238713,60044,Podruž. OŠ Velika Kostrevnica,16.35,1999/01/21,1999/01/29,V,491179,97856
SL,18361914,22010,OŠ Dol pri Ljubljani,12.21,1999/01/07,1999/01/08,V,472449,105406
SL,18361922,22011,OŠ Dolsko,17.19,1999/01/07,1999/01/08,V,474429,106156
SL,18361949,22012,OŠ Senožeti,3.94,1999/01/07,1999/01/08,V,479619,105896
SL,18361957,23060,OŠ Dragomelj,4.35,2007/07/30,2007/07/30,V,468009,106416
SL,18361965,61020,OŠ Bičevje,5.44,1999/01/07,1999/01/08,V,458899,99286
SL,18361973,61030,OŠ Božidarja Jakca,0.72,1999/01/07,1999/01/08,V,464829,101316
SL,18361981,61031,OŠ Hrušica,6.08,1999/01/07,1999/01/08,V,466669,99646
SL,18361990,61310,OŠ Savsko naselje,1.23,1999/01/07,1999/01/08,V,462983,102712
SL,18362007,61010,OŠ Bežigrad,0.42,1999/01/07,1999/01/08,V,462649,102706
SL,18362015,61040,OŠ Danile Kumar,7.99,1999/01/07,1999/01/08,V,462549,105937
SL,18362023,61050,OŠ Dr. Vita Kraigherja,1.13,1999/01/07,1999/01/08,V,461969,103536
SL,18362031,61060,OŠ Dravlje,1.95,1999/01/07,1999/01/08,V,459749,104597
SL,18362040,61070,OŠ Franca Rozmana Staneta,4.84,1999/01/07,1999/01/08,V,458749,105417
SL,18362058,61080,OŠ Franceta Bevka,0.9,1999/01/07,1999/01/08,V,461789,104617
SL,18362066,61090,OŠ Hinka Smrekarja,1.22,1999/01/07,1999/01/08,V,460719,103777
SL,18362074,61100,OŠ Jožeta Moškriča,1.09,1999/01/07,1999/01/08,V,463609,102776
SL,18362082,61110,OŠ Karla Destovnika-Kajuha,0.75,1999/01/07,1999/01/08,V,464579,102086
SL,18362104,61120,OŠ Ketteja in Murna,1.54,1999/01/07,1999/01/08,V,463899,101676
SL,18362112,61130,OŠ Kolezija,1.59,1999/01/07,1999/01/08,V,460909,99786
SL,18362139,61140,OŠ Koseze,6.16,1999/01/07,1999/01/08,V,457629,103517
SL,18362147,61150,OŠ Ledina,0.59,1999/01/07,1999/01/08,V,462419,102056
SL,18362155,61160,OŠ Livada,4.94,1999/01/07,1999/01/08,V,461589,98166
SL,18362163,61170,OŠ Majde Vrhovnik,1.55,1999/01/07,1999/01/08,V,461349,101036
SL,18362171,61180,OŠ Maksa Pečarja,13.79,1999/01/07,1999/01/08,V,465219,106926
SL,18362180,61190,OŠ Martina Krpana,0.63,1999/01/07,1999/01/08,V,465289,101366
SL,18362198,61200,OŠ Milana Šuštaršiča,2.16,1999/01/07,1999/01/08,V,462739,104196
SL,18362201,61210,OŠ Mirana Jarca,2.33,1999/01/07,1999/01/08,V,462339,103086
SL,18362210,61220,OŠ Miška Kranjca,5.28,1999/01/07,1999/01/08,V,455029,105007
SL,18362228,61230,OŠ Nove Fužine,1.15,1999/01/07,1999/01/08,V,466689,101806
SL,18362236,61240,OŠ Nove Jarše,6.03,1999/01/07,1999/01/08,V,464749,103466
SL,18362244,61250,OŠ Oskarja Kovačiča,3.02,1999/01/07,1999/01/08,V,463279,99656
SL,18362279,61252,OŠ Rudnik,9.23,1999/01/07,1999/01/08,V,464209,98296
SL,18362287,61260,OŠ Poljane,1.45,1999/01/07,1999/01/08,V,462839,100466
SL,18362295,61270,OŠ Polje,2.65,1999/01/07,1999/01/08,V,467349,102136
SL,18362309,61271,OŠ Zgornji Kašelj,1.83,1999/01/07,1999/01/08,V,468429,101216
SL,18362317,61280,OŠ Prežihovega Voranca,1.24,1999/01/07,1999/01/08,V,461449,100886
SL,18362325,61290,OŠ Prule,13.71,1999/01/07,1999/01/08,V,461949,100966
SL,18362333,61300,OŠ Riharda Jakopiča,1.38,1999/01/07,1999/01/08,V,460819,102927
SL,18362341,61320,OŠ Sostro,24.54,1999/01/07,1999/01/08,V,471229,98996
SL,18362350,61321,OŠ Besnica,17.26,1999/01/07,1999/01/08,V,475879,99326
SL,18362368,61322,OŠ Janče,15.88,1999/01/07,1999/01/08,V,477629,101446
SL,18362376,61323,OŠ Javor,8.54,1999/01/07,1999/01/08,V,476519,97356
SL,18362384,61324,OŠ Lipoglav,10.6,1999/01/07,1999/01/08,V,470859,94686
SL,18362392,61325,OŠ Prežganje,14,1999/01/07,1999/01/08,V,479769,96856
SL,18362406,61330,OŠ Spodnja Šiška,2.15,1999/01/07,1999/01/08,V,461219,102116
SL,18362414,61340,OŠ Šentvid,6.85,1999/01/07,1999/01/08,V,456579,109167
SL,18362422,61350,OŠ Šmartno,14.44,1999/01/07,1999/01/08,V,460509,109937
SL,18362449,61360,OŠ Toneta Čufarja,0.5,1999/01/07,1999/01/08,V,461699,101516
SL,18362457,61370,OŠ Trnovo,0.89,1999/01/07,1999/01/08,V,461629,100296
SL,18362465,61380,OŠ Valentina Vodnika,0.41,1999/01/07,1999/01/08,V,459749,103867
SL,18362473,61410,OŠ Vižmarje-Brod,3.75,1999/01/07,1999/01/08,V,458529,108297
SL,18362481,61400,OŠ Vide Pregarc,1.09,1999/01/07,1999/01/08,V,463609,102406
SL,18362490,61390,OŠ Vič,9.99,1999/01/07,1999/01/08,V,459209,100797
SL,18362503,61420,OŠ Vodmat,0.53,1999/01/07,1999/01/08,V,463159,101806
SL,18362511,61430,OŠ Vrhovci,5.8,1999/01/07,1999/01/08,V,458009,100607
SL,18362520,61440,OŠ Zadobrova,7.66,1999/01/07,1999/01/08,V,466609,104036
SL,18362538,61450,OŠ Zalog,9.75,1999/01/07,1999/01/08,V,472059,103386
SL,18369605,21020,OŠ Polhov Gradec,48.98,1999/07/20,1999/07/20,V,446669,103187
SL,18369613,21021,OŠp Črni vrh,17.69,1999/07/20,1999/07/20,V,442699,105617
SL,18369621,21022,OŠp Šentjošt,18.36,1999/07/20,1999/07/20,V,440829,100597
SL,18369630,21010,OŠ Dobrova,32.56,1999/07/20,1999/07/20,V,454689,101667
SL,18369648,162010,OŠ Horjul,32.42,1999/07/20,1999/07/20,V,445659,98367
SL,18370166,8010,OŠ Brezovica pri Ljubljani,15.56,1999/09/01,1999/09/02,V,454229,97657
SL,18370174,8011,OŠp Notranje Gorice,13.1,1999/09/01,1999/09/02,V,453329,94287
SL,18370182,8020,OŠ Preserje,32.8,1999/09/01,1999/09/02,V,454249,91586
SL,18370204,8021,OŠp Jezero,8.65,1999/09/01,1999/09/02,V,454859,93076
SL,18370212,8022,OŠp Rakitna,21.06,1999/09/01,1999/09/02,V,456259,83316
SL,18370239,123010,OŠ Škofljica,23.58,1999/09/07,1999/09/10,V,466879,94286
SL,18370247,123012,OŠp Želimlje,8.35,1999/09/07,1999/09/10,V,466529,87236
SL,18370255,123011,OŠp Lavrica,11.67,1999/09/07,1999/09/10,V,465999,95246
SL,18374765,134010,OŠ Primoža Trubarja V. Lašče,32.65,1999/10/15,1999/10/15,V,472009,77116
SL,18374773,134011,OŠp  Karlovica,12.21,1999/10/15,1999/10/15,V,467628,73986
SL,18374781,134013,OŠp Turjak,15.28,1999/10/15,1999/10/15,V,469709,82096
SL,18374790,134012,OŠp Rob,43.04,1999/10/15,1999/10/15,V,465119,78946
SL,18418126,37010,OŠ Ig,29.45,2000/08/22,2000/08/24,V,463399,91346
SL,18418134,37011,OŠp Golo,28.44,2000/08/22,2000/08/24,V,464389,86486
SL,18418142,37012,OŠp Iška vas,17.65,2000/08/22,2000/08/24,V,462029,89186
SL,18418169,37013,OŠp Tomišelj,22.98,2000/08/22,2000/08/24,V,461549,95426
SL,18432161,71010,OŠ Medvode,4.07,2001/01/10,2001/01/11,V,454630,111308
SL,18432170,71020,OŠ Pirniče,9.28,2001/01/10,2001/01/11,V,455039,111887
SL,18432188,71030,OŠ Preska,21.15,2001/01/10,2001/01/11,V,454779,111107
SL,18432196,71031,OŠp Sora,9.06,2001/01/10,2001/01/11,V,453569,111517
SL,18432200,71032,OŠp Topol,16.93,2001/01/10,2001/01/11,V,450959,108537
SL,18432218,71040,OŠ Simona Jenka,17.17,2001/01/10,2001/01/11,V,456029,113867
SL,18458675,64010,"OŠ  "" 8. Talcev "" Logatec",27.99,1999/03/19,1999/03/19,V,440248,86607
SL,18458683,64011,Podružnična šola Laze,20.42,1999/03/19,1999/03/19,V,441778,80607
SL,18458691,64020,Osnovna šola Rovte,22.4,1999/03/19,1999/03/19,V,435889,94397
SL,18458705,64021,Podr. šola Vrh Sv.Treh Kraljev,8.47,1999/03/19,1999/03/19,V,435949,97267
SL,18458713,64030,Osnovna šola Tabor Logatec,42.25,1999/03/19,1999/03/19,V,437128,84207
SL,18458721,64031,Podružnična šola Hotedršica,34.94,1999/03/19,1999/03/19,V,433208,88007
SL,18458730,64032,Podruž. šola Rovtarske Žibrše,16.06,1999/03/19,1999/03/19,V,433119,92387
SL,18568977,65010,OŠ Heroja Janeza Hribarja,65.47,1999/02/12,1999/02/18,V,458708,64726
SL,18568993,65012,Podružnična šola Iga vas,101.35,1999/02/12,1999/02/18,V,460298,60196
SL,18569019,13010,OŠ Jožeta Krajca Rakek,7,1999/02/18,1999/02/18,V,446348,75546
SL,18569027,13011,Podružnična šola Unec,35.56,1999/02/18,1999/02/18,V,444648,75736
SL,18569035,13020,OŠ Notranjski odred Cerknica,31.16,1999/02/18,1999/02/18,V,450098,73146
SL,18569043,13021,Podruž. šola 11. maj Grahovo,68.49,1999/02/18,1999/02/18,V,455398,68836
SL,18569051,13022,Podruž. šola M.Gaspari Begunje,98.71,1999/02/18,1999/02/18,V,453328,78226
SL,18569060,150010,OŠ Tone Šraj Aljoša,75.08,1999/02/18,1999/02/18,V,461608,70416
SL,18680424,142010,OŠ Ivana Kavčiča Izlake,29.79,1999/03/22,1999/03/22,V,492090,113436
SL,18680432,142011,Podružnična šola Mlinše,16.17,1999/03/22,1999/03/22,V,488750,111816
SL,18680459,142020,OŠ Ivana Skvarče Zagorje,17.61,1999/03/22,1999/03/22,V,500590,110336
SL,18680467,142021,Podružnična šola Čemšenik,20.03,1999/03/22,1999/03/22,V,495670,115566
SL,18680475,142022,Podružnična šola Podkum,27.37,1999/03/22,1999/03/22,V,502850,103155
SL,18680483,142030,OŠ Toneta Okrogarja Zagorje,6.65,1999/03/22,1999/03/22,V,498610,110986
SL,18680491,142031,Podružnična šola Kisovec,6.09,1999/03/22,1999/03/22,V,496800,111216
SL,18680505,142032,Podružnična šola Šentlambert,23.46,2015/08/07,2015/08/07,V,494390,107916
SL,18680513,34010,OŠ N. H. Rajka Hrastnik,31.96,1999/03/22,1999/03/22,V,506650,112015
SL,18680521,34011,Podruž. šola Dol pri Hrastniku,26.62,1999/03/22,1999/03/22,V,510020,110605
SL,18680530,129010,OŠ Ivana Cankarja,4.1,1999/03/22,1999/03/22,V,504340,113405
SL,18680548,129020,OŠ Tončke Čeč,3.61,1999/03/22,1999/03/22,V,503790,112215
SL,18680556,129030,OŠ Trbovlje,21.02,1999/03/22,1999/03/22,V,500830,114486
SL,18680564,129031,Podruž. šola Alojza Hohkrauta,7.52,1999/03/22,1999/03/22,V,502690,111236
SL,18680572,129032,Podružnična šola Dobovec,21.88,1999/03/22,1999/03/22,V,504550,107895
SL,18789027,140010,OŠ Ivana Cankarja,49.85,1999/03/17,1999/03/18,V,445259,91637
SL,18789035,140020,OŠ Log Dragomer,11.05,1999/03/17,1999/03/18,V,449489,96387
SL,18789043,5010,OŠ Dr. Ivana Korošca,58.99,1999/03/17,1999/03/18,V,450679,86657
SL,18797976,140030,Osnovna šola Antona Martina Slomška Vrhnika,29.99,2001/08/13,2001/08/13,V,445469,92207
SL,18800195,140011,Podružnica Drenov Grič,6.5,2002/03/12,2002/03/19,V,447369,95417
SL,18800217,140021,Podružnica Bevke,13.19,2002/03/12,2002/03/19,V,448809,92647
SL,18904845,26010,OŠ Duplek,6.57,1998/12/01,1998/12/04,V,557310,152005
SL,18904853,26011,PŠ Dvorjane,8.24,1998/12/01,1998/12/04,V,558441,150584
SL,18904861,26012,PŠ Zg. Duplek,6.55,1998/12/01,1998/12/04,V,555862,153534
SL,18904870,26020,OŠ Korena,18.44,1998/12/01,1998/12/04,V,559782,153734
SL,18904888,115010,OŠ Starše,17.88,1998/12/01,1998/12/04,V,558308,147636
SL,18904896,115011,PŠ Marjeta na Dravskem polju,16.34,1998/12/01,1998/12/04,V,556551,146004
SL,18904900,58010,OŠ Lenart,36.32,1998/12/01,1998/12/04,V,563802,159754
SL,18904918,58040,OŠ Voličina,25.79,1998/12/01,1998/12/04,V,562462,155494
SL,18904926,58020,OŠ Sv. Trojica,25.88,1998/12/01,1998/12/04,V,567182,160134
SL,18904934,58030,OŠ Sv. Jurij,30.73,1998/12/01,1998/12/04,V,559722,163524
SL,18904942,148010,OŠ Benedikt,24.14,1998/12/01,1998/12/04,V,568311,163246
SL,18904969,153010,OŠ Cerkvenjak,24.49,1998/12/01,1998/12/04,V,572282,158914
SL,18904977,181010,OŠ Sv. Ana,30.74,1998/12/01,1998/12/04,V,564512,168054
SL,18904985,181011,PŠ Lokavec,6.45,1998/12/01,1998/12/04,V,561802,173054
SL,18904993,118010,OŠ Rudolfa Maistra,20.02,1998/12/01,1998/12/04,V,550282,170985
SL,18905019,118011,PŠ Ceršak,7.47,1998/12/01,1998/12/04,V,551152,173445
SL,18905027,118020,OŠ Sladki Vrh,16.83,1998/12/01,1998/12/04,V,556252,173174
SL,18905035,118021,PŠ Velka,20.69,1998/12/01,1998/12/04,V,558952,171054
SL,18905043,55010,OŠ Kungota,25.34,1998/12/01,1998/12/04,V,545932,167115
SL,18905051,55011,PŠ Sp. Kungota,7.43,1998/12/01,1998/12/04,V,549022,163335
SL,18905060,55012,PŠ Svečina,16.2,1998/12/01,1998/12/04,V,545332,170635
SL,18905078,108010,OŠ Janka Glazerja,60.82,1998/12/01,1998/12/04,V,539171,155545
SL,18905086,167010,OŠ Lovrenc na Pohorju,84.24,1998/12/01,1998/12/04,V,529482,155455
SL,18905094,178011,PŠ Gradišče na Kozjaku,6.92,1998/12/01,1998/12/04,V,532132,167485
SL,18905108,178012,PŠ Sv. Duh na Ostrem Vrhu,8.22,1998/12/01,1998/12/04,V,534782,163335
SL,18905116,178010,OŠ Selnica ob Dravi,49.31,1998/12/01,1998/12/04,V,537861,157235
SL,18905124,89010,OŠ Jakobski Dol,23.22,1998/12/01,1998/12/04,V,556322,165704
SL,18905132,89020,OŠ Kerenčičevih,16.16,1998/12/01,1998/12/04,V,551429,163585
SL,18905159,89021,PŠ Pernica,17.82,1998/12/01,1998/12/04,V,555682,160444
SL,18905167,89030,OŠ Marjan Bantan Stojan,18.69,1998/12/01,1998/12/04,V,553432,165724
SL,18905175,98010,OŠ Fram,28,1998/12/01,1998/12/04,V,548351,146485
SL,18905183,98020,OŠ Rače,23.31,1998/12/01,1998/12/04,V,552501,145515
SL,18907313,169010,OŠ Miklavž na Dravskem polju,4.96,1999/06/16,1999/06/16,V,553672,152024
SL,18907321,169011,PŠ Dobrovce,7.54,1999/06/16,1999/06/16,V,554271,149334
SL,18907631,160010,OŠ Dušana Flisa,20.37,1999/07/20,1999/07/20,V,549671,151305
SL,18907640,160011,PŠ Reka - Pohorje,17.2,1999/07/20,1999/07/20,V,545901,150545
SL,18907658,160020,OŠ Franca Lešnika - Vuka,16.11,1999/07/20,1999/07/20,V,550271,148545
SL,19012590,171010,OŠ Pohorskega bataljona Oplotnica,25.61,2000/02/10,2000/02/11,V,533731,138885
SL,19012603,171011,PŠ Kebelj,41.94,2000/02/10,2000/02/11,V,533751,142035
SL,19012611,171012,PŠ Prihova,9.8,2000/02/10,2000/02/11,V,537461,137005
SL,19013707,113010,OŠ Makole,38.73,2000/02/22,2000/02/22,V,551707,130998
SL,19013715,113020,OŠ Spodnja Polskava,14.66,2000/02/22,2000/02/22,V,549031,141265
SL,19013723,113021,PŠ Pragersko,7.21,2000/02/22,2000/02/22,V,551042,139486
SL,19013731,113022,PŠ Zgornja Polskava,11.04,2000/02/22,2000/02/22,V,546981,143355
SL,19013740,113030,OŠ Črešnjevec,19.02,2000/02/22,2000/02/22,V,547468,137166
SL,19013758,113040,OŠ Laporje,22.21,2000/02/22,2000/02/22,V,545731,133885
SL,19013766,113050,OŠ Tinje,36.61,2000/02/22,2000/02/22,V,538591,141865
SL,19013774,113060,Osnovna šola Pohorskega odreda Slovenska Bistrica,33.89,2019/02/22,2019/02/22,V,544693,140240
SL,19013782,113061,PŠ Zgornja Ložnica,13.12,2000/02/22,2000/02/22,V,539341,138885
SL,19013804,113070,OŠ Poljčane,36.84,2000/02/22,2000/02/22,V,544531,130875
SL,19013812,113080,OŠ Šmartno na Pohorju,47.65,2000/02/22,2000/02/22,V,542701,144855
SL,19013839,113999,skupni okoliš 113021 113030,3.57,2000/02/22,2000/02/22,V,550101,138265
SL,19033821,113090,2. Osnovna šola Slovenska Bistrica,6.04,2019/02/22,2019/02/22,V,543491,139445
SL,19119955,116010,OŠ SVETI JURIJ OB ŠČAVNICI,51.33,1999/03/30,1999/03/30,V,578222,159263
SL,19120155,29010,OSNOVNA ŠOLA APAČE,30.62,1999/08/30,1999/08/30,V,569362,173644
SL,19120163,29020,OŠ DR.ANTONA TRSTENJAKA NEGOVA,32.3,1999/08/30,1999/08/30,V,571782,163684
SL,19120171,29030,OŠ GORNJA RADGONA,27.92,1999/08/30,1999/08/30,V,575222,171833
SL,19120180,29031,PODRUŽNIČNA OŠ SP. ŠČAVNICA,14.35,1999/08/31,1999/08/31,V,571622,168184
SL,19120198,29040,OSNOVNA ŠOLA STOGOVCI,22.84,1999/08/30,1999/08/30,V,564342,173424
SL,19120201,100010,OSNOVNA ŠOLA KAPELA,23.89,1999/08/31,1999/08/31,V,582042,164003
SL,19120210,100020,OSNOVNA ŠOLA RADENCI,10.27,1999/08/31,1999/08/31,V,580012,167553
SL,19229386,59010,DVOJEZIČNA  OŠ I. LENDAVA,13.5,1999/01/26,1999/01/26,V,610921,160082
SL,19229394,59011,PODRUŽNIČNA OŠ GABERJE,20.86,2012/05/18,2012/05/18,V,608185,157439
SL,19229408,59012,PODRUŽNIČNA OŠ ČENTIBA,7.33,1998/12/16,1998/12/16,V,614071,157792
SL,19229416,59013,PODRUŽNIČNA OŠ  DOLINA,8.99,1998/12/16,1998/12/16,V,616791,155122
SL,19229424,59014,PODRUŽNIČNA OŠ PETIŠOVCI,25,1998/12/16,1998/12/16,V,611831,155716
SL,19229432,59020,DVOJEZIČNA OŠ GENTEROVCI,25.58,1998/12/16,1998/12/16,V,608152,163362
SL,19229459,59999,SK.OK. 059010 IN 059020,14.54,1999/01/26,1999/01/26,V,610771,161612
SL,19229467,156010,DOŠ DOBROVNIK,31.13,1998/12/16,1998/12/16,V,603322,169742
SL,19229475,89010,OŠ ODRANCI,6.93,1998/12/16,1998/12/16,V,598192,161663
SL,19229882,15010,OŠ BISTRICA,16.54,1999/10/07,1999/10/07,V,597631,158483
SL,19229904,15020,OŠ ČRENŠOVCI,17.11,1999/10/07,1999/10/07,V,599161,160263
SL,19235378,132010,OŠ TURNIŠČE,23.85,2000/02/29,2000/03/04,V,600706,165819
SL,19236919,47010,Osnovna šola Kobilje,19.73,2001/11/05,2001/11/05,V,606182,172982
SL,19246221,187010,OŠ Miška Kranjca Velika Polana,23.9,2003/10/09,2003/10/09,V,602282,162493
SL,19339718,63010,OŠ IVANA CANKARJA LJUTOMER,29.31,1999/07/02,1999/07/02,V,591801,154813
SL,19339726,63011,PODRUŽNIČNA OŠ CVEN,16.21,1999/07/02,1999/07/02,V,593311,156853
SL,19339734,63020,OŠ JANKA RIBIČA CEZANJEVCI,19.13,1999/07/02,1999/07/02,V,588331,154003
SL,19339742,63030,OŠ STROČJA VAS,13.94,1999/07/02,1999/07/02,V,594081,152893
SL,19339769,63040,OŠ MALA NEDELJA,28.55,1999/07/02,1999/07/02,V,580911,153953
SL,19339777,176010,OŠ RAZKRIŽJE,9.88,1999/07/06,1999/07/06,V,599801,154213
SL,19339785,116010,OŠ KRIŽEVCI,46.3,1999/07/06,1999/07/06,V,587181,158243
SL,19339793,188010,OŠ VERŽEJ,12.02,1999/07/06,1999/07/06,V,589372,161003
SL,19452484,80020,OSNOVNA ŠOLA II MURSKA SOBOTA,3.24,1998/11/17,1998/11/17,V,587732,169013
SL,19452492,80010,OSNOVNA ŠOLA I MURSKA SOBOTA,29.26,1998/11/17,1998/11/17,V,586992,170773
SL,19452506,80030,OSNOVNA ŠOLA III MURSKA SOBOTA,17.22,1998/11/17,1998/11/17,V,592065,168397
SL,19452514,80021,PODRUŽNIČNA OSNOVNA ŠOLA KROG,12.04,1998/11/17,1998/11/17,V,585549,166430
SL,19452522,80040,OSNOVNA ŠOLA BAKOVCI,8.95,1998/11/17,1998/11/17,V,587992,165053
SL,19452549,80041,PODRUŽNIČNA OŠ DOKLEŽOVJE,5.28,1998/11/17,1998/11/17,V,590322,162893
SL,19452557,80999,"SK.OK. 080010,080020,080030",0.85,1998/11/17,1998/11/17,V,587201,169221
SL,19452689,2010,OŠ BELTINCI,50.23,1999/01/12,1999/01/12,V,596992,166893
SL,19452824,56010,OŠ KUZMA,22.87,1999/02/11,1999/02/11,V,583273,189523
SL,19452913,31010,OŠ GORNJI PETROVCI,66.83,1999/03/09,1999/03/09,V,594773,187383
SL,19452921,78010,OŠ BOGOJINA,24.28,1999/03/09,1999/03/09,V,597972,171343
SL,19452930,78011,PODRUŽNIČNA OŠ TEŠANOVCI,20.95,1999/03/09,1999/03/09,V,594712,171863
SL,19452948,78020,OŠ FOKOVCI,54.21,1999/03/09,1999/03/09,V,595072,175763
SL,19453014,2011,PODRUŽNIČNA OŠ MELINCI,6.8,1999/03/31,1999/03/31,V,594215,160098
SL,19453049,78030,DVOJEZIČNA OŠ PROSENJAKOVCI,27.35,1999/03/30,1999/03/30,V,600152,178862
SL,19453057,78031,PODRUŽNIČNA OŠ  DOMANJŠEVCI,11.58,1999/03/30,1999/03/30,V,598312,183523
SL,19453065,78999,SK.OK. 078020 IN 097010,10.44,1999/03/30,1999/03/30,V,590592,175653
SL,19453073,33010,OŠ ŠALOVCI,15.35,1999/03/30,1999/03/30,V,598783,188043
SL,19453081,33011,PODRUŽNIČNA OŠ DOLENCI,13.9,1999/03/30,1999/03/30,V,595803,191903
SL,19453090,33012,PODRUŽNIČNA OŠ MARKOVCI,17.35,1999/03/30,1999/03/30,V,595093,190323
SL,19453103,78032,PODRUŽNIČNA OŠ HODOŠ,18.1,1999/03/30,1999/03/30,V,600413,189252
SL,19453111,97010,OŠ PUCONCI,34.33,1999/03/30,1999/03/30,V,588582,174613
SL,19453120,97011,PODRUŽNIČNA OŠ MAČKOVCI,33.51,1999/03/30,1999/03/30,V,588842,183353
SL,19453138,97012,PODRUŽNIČNA OŠ BODONCI,20.38,1999/03/30,1999/03/30,V,584912,178813
SL,19453146,97013,PODRUŽNIČNA OŠ BREZOVCI,19.75,1999/03/30,1999/03/30,V,585306,174778
SL,19453162,158010,OŠ GRAD,37.12,1999/04/06,1999/04/06,V,583613,186753
SL,19453189,10010,OŠ TIŠINA,27.54,1999/04/08,1999/05/06,V,584082,168733
SL,19453197,10011,PODRUŽNIČNA OŠ GEDEROVCI,11.26,1999/04/08,1999/05/06,V,580572,171643
SL,19453219,116010,OŠ SVETI JURIJ,11.68,1999/04/14,1999/04/14,V,576443,186043
SL,19453227,116011,PODRUŽNIČNA OŠ PERTOČA,16.18,1999/04/14,1999/04/14,V,576483,184563
SL,19453235,116012,PODRUŽNIČNA OŠ SERDICA,12.3,1999/04/14,1999/04/14,V,577303,188073
SL,19453294,152010,OŠ CANKOVA,30.55,1999/05/05,1999/05/05,V,577812,176023
SL,19558916,1010,OŠ Danila Lokarja Ajdovščina,23.83,1999/06/17,1999/06/17,V,414738,83647
SL,19558924,1051,Podružnična šola Budanje,7.64,2007/06/20,2007/06/20,V,417398,82337
SL,19558932,1012,Podružnična šola Lokavec,13.74,1999/06/17,1999/06/17,V,413118,85617
SL,19558959,1020,OŠ Col,37.18,1999/06/17,1999/06/17,V,422148,84127
SL,19558983,1021,Podružnična šola Podkraj,31.46,1999/06/17,1999/06/17,V,427098,80887
SL,19558991,1030,"OŠ Dobravlje, Pod.šola Skrilje",24.83,1999/06/17,1999/06/17,V,410688,84237
SL,19559017,1032,Podružnična šola Črniče,30.5,1999/06/17,1999/06/17,V,404748,85917
SL,19559041,1035,Podružnična šola Vipavski Križ,19.73,1999/06/17,1999/06/17,V,411359,82488
SL,19559050,1036,Podružnična šola Vrtovin,16.12,1999/06/17,1999/06/17,V,408458,85907
SL,19559068,1040,OŠ Otlica,41.78,1999/06/17,1999/06/17,V,414328,89657
SL,19559076,136010,OŠ Draga Bajca Vipava,58.22,1999/06/17,1999/06/17,V,419408,79157
SL,19559084,136011,Podružnična šola Goče,8.31,1999/06/17,1999/06/17,V,416388,76377
SL,19559092,136012,Podružnična šola Podnanos,28.11,1999/06/17,1999/06/17,V,420558,72797
SL,19559106,136013,Podružnična šola Vrhpolje,6.73,1999/06/17,1999/06/17,V,419458,81057
SL,19568911,1050,"OŠ Šturje, Ajdovščina",4.61,2007/06/20,2007/06/20,V,415278,83537
SL,19669033,36010,Osnovna šola Črni vrh,69.02,1999/01/21,1999/01/21,V,425948,87357
SL,19669041,36020,Osnovna šola Idrija,59.79,1999/01/21,1999/01/21,V,424258,96187
SL,19669050,36021,Podružnična šola Godovič,15.13,1999/01/21,1999/01/21,V,429478,90767
SL,19669068,36022,Podružnična šola Gore-Dole,19.08,1999/01/21,1999/01/21,V,428089,95587
SL,19669076,36023,Podružnična šola Vojsko,41.14,1999/01/21,1999/01/21,V,413528,97467
SL,19669084,36024,Podružnična šola Zavratec,5.2,1999/01/21,1999/01/21,V,432739,95047
SL,19669092,36030,Osnovna šola Spodnja Idrija,33.93,1999/01/21,1999/01/21,V,421348,101407
SL,19669106,36031,Podružnična šola Kanomlja,26.73,1999/01/21,1999/01/21,V,419088,98827
SL,19669114,36032,Podružnična šola Ledine,23.46,1999/01/21,1999/01/21,V,427549,100447
SL,19669122,36033,Podružnična šola Otalež,12.53,1999/01/21,1999/01/21,V,422078,104847
SL,19669149,14010,Osnovna šola Cerkno,85.07,1999/01/21,1999/01/21,V,422069,110327
SL,19669157,14011,Podružnična šola Novaki,15.28,1999/01/21,1999/01/21,V,425849,112897
SL,19669165,14012,Podružnična šola Orehek,6.89,1999/01/21,1999/01/21,V,418299,112177
SL,19669173,14013,Podružnična šola Šebrelje,11.89,1999/01/21,1999/01/21,V,416238,106277
SL,19781232,7011,POŠ Kojsko,21.91,1998/06/24,1998/06/24,V,389708,99358
SL,19781259,7010,Osnovna šola Dobrovo,50.07,1998/06/24,1998/06/24,V,386108,96508
SL,19781267,44010,Osnovna šola Deskle,38.47,1998/06/29,1998/06/29,V,390578,101188
SL,19781275,44021,POŠ Kal nad Kanalom,20.34,1998/06/29,1998/06/29,V,400728,105138
SL,19781283,44022,POŠ Levpa,10.02,1998/06/29,1998/06/29,V,399748,106588
SL,19781291,44023,POŠ Ročinj,25.89,1998/06/29,1998/06/29,V,398658,109238
SL,19781305,44020,Osnovna šola Kanal,51.75,1998/06/29,1998/06/29,V,395428,107858
SL,19782026,84010,Osnovna šola Branik,21.18,1998/10/26,1998/10/27,V,403588,81737
SL,19782034,84020,Osnovna šola Dornberk,11.75,1998/10/26,1998/10/27,V,402128,84087
SL,19782042,84021,POŠ Prvačina,4.58,1998/10/26,1998/10/27,V,399478,84967
SL,19782069,84040,OŠ Frana Erjavca Nova Gorica,27.91,1998/10/26,1998/10/27,V,394808,91407
SL,19782077,84050,OŠ Šempeter pri Gorici,6.72,1998/10/26,1998/10/27,V,395858,87937
SL,19782085,84051,POŠ Vogrsko,9.24,1998/10/26,1998/10/27,V,399648,88097
SL,19782093,84052,POŠ Vrtojba,8.26,1998/10/26,1998/10/27,V,394708,86657
SL,19782107,84060,OŠ Renče,17.31,1998/10/26,1998/10/27,V,399448,83657
SL,19782115,84061,POŠ Bukovica,4.15,1998/10/26,1998/10/27,V,395828,84987
SL,19782123,84070,OŠ Milojke Štrukelj,1.24,1998/10/26,1998/10/27,V,394828,91567
SL,19782140,84080,OŠ Solkan,8.55,1998/10/26,1998/10/27,V,393328,96907
SL,19782158,84081,POŠ Grgar,64.19,1998/10/26,1998/10/27,V,400558,100967
SL,19782166,84082,POŠ Trnovo,64.15,1998/10/26,1998/10/27,V,407548,101637
SL,19782174,84090,OŠ Šempas,34.85,1998/10/26,1998/10/27,V,404108,88627
SL,19782379,84030,Osnovna šola Čepovan,39.89,1999/01/14,1999/01/14,V,404468,98677
SL,19782590,75010,Osnovna šola Miren pri Gorici,6.59,1999/03/29,1999/03/29,V,391918,84977
SL,19782603,75011,Podružnična šola Bilje,2.18,1999/03/29,1999/03/29,V,393498,84607
SL,19782611,75012,Podružnična šola Kostanjevica,54,1999/03/29,1999/03/29,V,391598,81087
SL,19888550,84030,Osnovna šola Čepovan,2.34,1999/01/12,1999/01/13,V,406488,108867
SL,19888592,6010,OŠ Bovec,172.69,1999/03/10,1999/03/10,V,388448,134028
SL,19888606,6011,Podružnična šola Soča,154.78,1999/03/10,1999/03/10,V,397599,134488
SL,19888614,6012,Podružnična šola Žaga,40,1999/03/10,1999/03/10,V,382768,130188
SL,19888622,128010,OŠ Dušana Muniha Most na Soči,38.66,1999/03/10,1999/03/10,V,404749,112489
SL,19888649,128011,Podruž. šola Dolenja Trebuša,54.01,1999/03/10,1999/03/10,V,409518,105602
SL,19888665,128013,Podružnična šola Podmelec,43.73,1999/03/10,1999/03/10,V,408558,116038
SL,19888673,128014,Podruž. šola Šentviška Gora,29.24,1999/03/10,1999/03/10,V,409678,109857
SL,19888681,128020,OŠ Franceta Bevka Tolmin,90.24,1999/03/10,1999/03/10,V,403748,119218
SL,19888690,128021,Podružnična šola Kamno,15.16,1999/03/10,1999/03/10,V,394908,120238
SL,19888703,128022,Podruž. šola A. Majnika Volče,30.02,1999/03/10,1999/03/10,V,400358,114508
SL,19888711,128030,OŠ Simona Kosa Podbrdo,78.86,1999/03/10,1999/03/10,V,417689,118088
SL,19892808,46010,OŠ Simona Gregorčiča Kobarid,54.16,2000/02/21,2000/03/02,V,390348,123948
SL,19892824,46011,Podružnična šola Breginj,52.38,2000/02/21,2000/03/02,V,382758,125148
SL,19892832,46012,Podružnična šola Drežnica,36.29,2000/02/21,2000/03/02,V,391498,126518
SL,19892859,46013,Podružnična šola Livek,11.35,2000/02/21,2000/03/02,V,391098,118608
SL,19892867,46014,Podružnična šola Smast,38.38,2000/02/21,2000/03/02,V,392398,123038
SL,19999823,109010,oš belokranjskega odreda semič,128.91,1998/12/22,1998/12/22,V,510588,56225
SL,19999831,109011,podružnična šola štrekljevec,17.65,1998/12/22,1998/12/22,V,516629,61295
SL,19999840,73010,osnovna šola metlika,54.36,1998/12/22,1998/12/22,V,524929,56915
SL,19999858,73011,podružnična šola suhor,22.54,1998/12/22,1998/12/22,V,518929,62975
SL,19999866,73020,osnovna šola podzemelj,31.72,1998/12/22,1998/12/22,V,523009,52825
SL,20000058,17030,oš komandanta staneta dragatuš,55.89,1999/03/04,1999/03/04,V,516378,39805
SL,20000066,17050,osnovna šola vinica,84.15,1999/03/04,1999/03/04,V,519028,36015
SL,20000074,17011,podružnična šola adlešiči,50.06,1999/03/04,1999/03/04,V,524298,42545
SL,20000082,17012,podružnična šola griblje,12.79,1999/03/04,1999/03/04,V,520628,48485
SL,20000171,17010,osnovna šola loka - črnomelj,77.96,1999/03/09,1999/03/09,V,512628,52865
SL,20000180,17020,o š mirana jarca črnomelj,18.68,1999/03/09,1999/03/09,V,513608,48055
SL,20000198,17040,oš  stari trg ob kolp,40.18,1999/03/10,1999/03/10,V,510338,34465
SL,20112280,170010,osnovna šola mirna peč,48.05,1998/12/18,1998/12/18,V,506029,80965
SL,20112352,193010,osnovna šola prevole,48.18,1998/12/18,1998/12/18,V,486329,71465
SL,20112379,193020,osnovna šola žužemberk,38.74,1998/12/18,1998/12/18,V,490389,76325
SL,20112387,193023,podružnična šola šmihel - žbk,9.56,1999/01/18,1999/01/18,V,491899,78915
SL,20112395,193021,podružnična šola ajdovec,34.46,1999/01/18,1999/01/18,V,499959,77945
SL,20112409,193022,podružnična šola dvor,33.29,1999/01/18,1999/01/18,V,498269,72595
SL,20112417,157010,osnovna šola dolenjske toplice,110.16,1998/12/18,1998/12/18,V,500629,71555
SL,20112425,206010,osnovna šola šmarjeta,34.17,2009/01/22,2009/01/22,V,517439,86265
SL,20112433,203010,osnovna šola vavta vas,28.68,2009/01/22,2009/01/22,V,508739,69575
SL,20112557,85010,osnovna šola bršljin,28.86,1998/12/21,1998/12/21,V,509859,73005
SL,20112662,85020,osnovna šola brusnice,29.95,1998/12/21,1998/12/21,V,519899,76215
SL,20112689,85030,osnovna šola center,8.07,1998/12/21,1998/12/21,V,513259,73815
SL,20112697,85031,podružnična šola mali slatnik,11.38,1998/12/21,1998/12/21,V,518549,73285
SL,20112719,85040,osnovna šola grm,6.78,1998/12/21,1998/12/21,V,513519,73205
SL,20112727,85050,osnovna šola otočec,27.38,1998/12/21,1998/12/21,V,515769,78205
SL,20112735,85060,osnovna šola stopiče,16.61,1998/12/21,1998/12/21,V,518099,70055
SL,20112743,85061,podružnična šola dolž,16.16,1998/12/21,1998/12/21,V,519407,68512
SL,20112751,85062,podružnična šola podgrad,25.68,1998/12/21,1998/12/21,V,514389,67465
SL,20112760,85080,osnovna šola šmihel  - nm,5.1,1998/12/21,1998/12/21,V,510379,71185
SL,20112778,85081,podružnična šola birčna vas,48.78,1998/12/21,1998/12/21,V,511399,68455
SL,20112883,119010,OSNOVNA ŠOLA ŠENTJERNEJ,69.08,2014/09/17,2014/09/17,V,527359,75075
SL,20112891,119011,PODRUŽNIČNA ŠOLA OREHOVICA,26.97,1999/01/11,1999/01/11,V,525069,70755
SL,20113529,121010,oš frana metelka škocjan,43.83,1999/03/10,1999/03/10,V,525899,82415
SL,20113537,121011,podružnična šola bučka,16.63,1999/03/10,1999/03/10,V,524369,87845
SL,20144556,85100,Osnovna šola Drska,6.72,2004/08/04,2004/08/11,V,509109,70685
SL,20178485,85999,"SK. OK. 085010,085030,085100",2.04,2014/09/17,2014/09/17,V,510749,76205
SL,20178493,85998,"SK. OK. 085040,085080",2.24,2014/09/17,2014/09/17,V,512220,72209
SL,20220007,212010,Osnovna šola Mirna,31.26,2011/11/07,2011/11/07,V,503839,89885
SL,20220015,199010,Osnovna šola Mokronog,26.84,2011/11/07,2011/11/07,V,509709,89135
SL,20220023,199011,Podružnična šola Trebelno,46.61,2011/11/07,2011/11/07,V,510889,84065
SL,20220031,211010,Osnovna šola dr.Pavla Lunačka Šentrupert,49.09,2011/11/07,2011/11/07,V,506059,93145
SL,20220040,130010,OŠ Trebnje s Podružnično šolo Dolenja Nemška vas,79.44,2021/02/22,2021/02/22,V,500669,85615
SL,20220058,130011,Podružnična šola Dobrnič,32.22,2011/11/07,2011/11/07,V,498479,81065
SL,20220074,130013,Podružnična šola Šentlovrenc,16.18,2011/11/07,2011/11/07,V,495779,89035
SL,20220082,130020,Osnovna šola Veliki Gaber,35.46,2011/11/07,2011/11/07,V,491349,84005
SL,20328886,9010,Osnovna šola Artiče,36.89,1999/03/16,1999/03/17,V,543450,97335
SL,20328894,9020,Osnovna šola Bizeljsko,30.75,1999/03/16,1999/03/17,V,555631,100485
SL,20328908,9030,Osnovna šola Brežice,60.55,1999/03/16,1999/03/17,V,544849,85825
SL,20328916,9040,Osnovna šola Cerklje ob Krki,27.69,1999/03/16,1999/03/17,V,538559,84055
SL,20328924,9050,Osnovna šola Dobova,25.71,1999/03/16,1999/03/17,V,548975,85771
SL,20328932,9051,Podružnična šola Kapele,18.42,1999/03/16,1999/03/17,V,551949,87484
SL,20328959,9060,Osnovna šola Globoko,17.48,1999/03/16,1999/03/17,V,548279,91694
SL,20328967,9070,Osnovna šola M. Pleter. Pišece,23.44,1999/03/16,1999/03/17,V,547660,96164
SL,20328975,9080,Osnovna šola Velika Dolina,27.07,1999/03/16,1999/03/17,V,548799,80774
SL,20439742,54010,"OŠ Adam Bohorič, Brestanica",30.16,1999/05/04,1999/05/12,V,536340,94395
SL,20439769,54020,"OŠ J. Gorjupa, Kostanjevica",58.33,1999/05/04,1999/05/12,V,532999,78585
SL,20439777,54030,"OŠ Jurij Dalmatin, Krško",58.71,1999/05/04,1999/05/12,V,539530,93555
SL,20439785,54040,OŠ Koprivnica,13.5,1999/05/04,1999/05/12,V,541510,100395
SL,20439793,54050,OŠ Leskovec pri Krškem,48.13,1999/05/04,1999/05/12,V,535579,87095
SL,20439807,54051,Podruž. OŠ Veliki Podlog,21.75,1999/05/04,1999/05/12,V,537340,86764
SL,20439815,54060,OŠ Podbočje,30.67,1999/05/04,1999/05/12,V,535069,80245
SL,20439823,54070,OŠ Raka,39.27,1999/05/04,1999/05/12,V,530999,87865
SL,20439831,54080,OŠ XIV. divizije Senovo,40.81,1999/05/04,1999/05/12,V,536050,96785
SL,20439840,9040,Osnovna šola Cerklje ob Krki,3.6,1999/05/04,1999/05/12,V,541159,77385
SL,20548525,110010,Osnovna šola Blanca,19.02,1999/03/22,1999/03/22,V,529981,100522
SL,20548533,110020,Osnovna šola Boštanj,47.11,1999/03/22,1999/03/22,V,519150,100505
SL,20548541,110030,Osnovna šola Krmelj,12.1,1999/03/22,1999/03/22,V,515769,96015
SL,20548550,110040,Osnovna šola Sevnica,65.99,2001/12/19,2001/12/19,V,521168,100222
SL,20548568,110050,Osnovna šola Šentjanž,38.2,1999/03/22,1999/03/22,V,508890,99995
SL,20548576,110060,Osnovna šola Tržišče,40.87,1999/03/22,1999/03/22,V,512189,92915
SL,20553898,110401,Podruž.šola Loka pri Zid.Mostu,24.39,2001/12/27,2001/12/27,V,515018,104735
SL,20553901,110402,Podružnična šola Studenec,24.32,2001/12/27,2001/12/27,V,523689,91565
SL,20661224,74010,Osnovna šola Mežica,26.45,1999/03/30,1999/03/30,V,488791,153306
SL,20661232,16010,OŠ Črna na Koroškem,88.18,1999/03/30,1999/03/30,V,488401,147796
SL,20661259,16011,Podružnična šola Koprivna,32.43,1999/03/30,1999/03/30,V,479460,146787
SL,20661267,16012,Podružnična šola Javorje,27.64,1999/03/30,1999/03/30,V,493481,147286
SL,20661275,16013,Podružnična šola Žerjav,7.62,1999/03/30,1999/03/30,V,491221,149296
SL,20661739,103010,"OŠ Koroški jekl., Rav. na Kor.",8.06,1999/06/28,1999/06/28,V,499171,155506
SL,20661747,103011,Podružnična šola Kotlje,21.51,1999/06/28,1999/06/28,V,498681,152546
SL,20661755,103020,OŠ Prežihovega Voranca,21.2,1999/06/28,1999/06/28,V,496541,156116
SL,20661763,103021,Podružnična šola Strojna,12.69,1999/06/28,1999/06/28,V,494091,159446
SL,20661887,175010,OŠ Franja Goloba Prevalje,24.72,1999/09/21,1999/09/21,V,493241,156016
SL,20661895,175011,Podružnična šola Leše,7.51,1999/09/21,1999/09/21,V,491751,154376
SL,20661909,175012,Podružnična šola Šentanel,14.46,1999/09/21,1999/09/21,V,490461,159237
SL,20661917,175013,Podružnična šola Holmec,11.4,1999/09/21,1999/09/21,V,489001,158357
SL,20771658,112030,Prva OŠ Slovenj Gradec,7,1998/11/18,1998/11/18,V,506291,151636
SL,20771666,112031,Podružnična OŠ Sele,22.91,1998/11/18,1998/11/18,V,502921,152576
SL,20771674,112040,Osnovna šola Šmartno,43.37,1998/11/18,1998/11/18,V,508981,149656
SL,20771771,25020,OŠ Šentjanž pri Dravogradu,21.53,1998/12/03,1998/12/07,V,503161,157706
SL,20771780,25010,OŠ Neznanih talcev Dravograd,25.95,1998/12/03,1998/12/07,V,502141,161466
SL,20771798,25011,Podružnična OŠ Črneče,11.56,1998/12/03,1998/12/07,V,501101,159706
SL,20771801,25012,Podružnična OŠ Libeliče,10.76,1998/12/03,1998/12/07,V,498451,161986
SL,20771810,25013,Podružnična OŠ Ojstrica,21.17,1998/12/03,1998/12/07,V,502751,164396
SL,20771828,25014,Podružnična OŠ Trbonje,14.01,1998/12/03,1998/12/07,V,508051,162366
SL,20771968,112010,Druga OŠ Slovenj Gradec,9.93,1998/12/10,1998/12/11,V,506221,152136
SL,20771976,112011,Podružnična OŠ Pameče,22.04,1998/12/10,1998/12/11,V,506281,154106
SL,20771984,112020,Osnovna šola Podgorje,26.5,1999/01/05,1999/01/05,V,506651,148516
SL,20771992,112021,Podružnična OŠ Razbor,27.62,1998/12/10,1998/12/11,V,499131,147626
SL,20772000,112022,Podružnična OŠ Šmiklavž,14.26,1998/12/10,1998/12/11,V,509161,145566
SL,20772069,141010,Osnovna šola Vuzenica,34.39,1998/12/28,1998/12/28,V,509891,161076
SL,20772077,141011,Podružnična OŠ Sv.Primož na P.,15.69,1998/12/28,1998/12/28,V,512721,156856
SL,20772085,81010,Osnovna šola Muta,20.51,1998/12/29,1998/12/29,V,509551,162856
SL,20772107,81011,Podružnična OŠ Branik,7.98,1998/12/29,1998/12/29,V,508702,168206
SL,20772115,81012,Podružnična OŠ Pernice,10.35,1998/12/29,1998/12/29,V,510252,164546
SL,20772123,76010,Osnovna šola Mislinja,71.45,1998/12/29,1998/12/29,V,514851,144846
SL,20772131,76011,Podružnična OŠ Dolič,25.11,1998/12/29,1998/12/29,V,514971,142471
SL,20772140,76012,Podružnična OŠ Paški Kozjak,3.18,1998/12/29,1998/12/29,V,515671,139636
SL,20772158,76013,Podružnična OŠ Završe,12.33,1998/12/29,1998/12/29,V,512431,142366
SL,20772255,101010,Osnovna šola Radlje ob Dravi,31.65,1999/01/04,1999/01/05,V,517342,163976
SL,20772263,101011,Podružnična OŠ Remšnik,21.44,1999/01/04,1999/01/05,V,522902,164655
SL,20772271,101012,Podružnična OŠ Sv.Anton na Poh,18.55,1999/01/04,1999/01/05,V,516652,159306
SL,20772280,101013,Podružnična OŠ Sv.Trije Kralji,7.26,1999/01/04,1999/01/05,V,514482,166436
SL,20772298,101014,Podružnična OŠ Vuhred,15.12,1999/01/04,1999/01/05,V,518142,161886
SL,20772301,177010,OŠ Ribnica na Pohorju,59.53,1999/01/06,1999/01/06,V,520967,155350
SL,20772310,93010,Osnovna šola Brezno Podvelka,44.27,1999/01/07,1999/01/07,V,522902,157195
SL,20772328,93011,Podružnična OŠ Kapla,30.58,1999/01/07,1999/01/07,V,530802,164635
SL,20772336,93012,Podružnična OŠ Lehen,8.45,1999/01/07,1999/01/07,V,525222,156853
SL,20772344,93013,Podružnična OŠ Ožbalt,20.58,1999/01/07,1999/01/07,V,529767,162080
SL,20879050,87010,Osnovna šola Ivanjkovci,23.3,1998/12/07,1998/12/08,V,590561,145273
SL,20879068,87020,OŠ Miklavž pri Ormožu,19.7,1998/12/07,1998/12/08,V,594411,147923
SL,20879076,87021,Osnovna šola Kog,14.21,1998/12/07,1998/12/08,V,595631,147953
SL,20879084,87030,Osnovna šola Ormož,40.55,1998/12/07,1998/12/08,V,588231,141623
SL,20879092,87040,Osnovna šola Središče ob Dravi,32.78,1998/12/07,1998/12/08,V,596551,140583
SL,20879106,87050,Osnovna šola Tomaž pri Ormožu,38.71,1998/12/07,1998/12/08,V,581901,148953
SL,20879114,87060,Osnovna šola Velika Nedelja,22.39,1998/12/07,1998/12/08,V,585021,143653
SL,20879122,87061,Osnovna šola Podgorci,20.84,1998/12/07,1998/12/08,V,580981,143963
SL,20992204,96040,OŠ Breg,8.1,1998/06/30,1998/06/30,V,566061,141254
SL,20992212,159010,OŠ Hajdina,18.06,1998/10/28,1998/10/28,V,563811,141644
SL,20992239,168010,OŠ Markovci,29.8,1998/10/28,1998/10/28,V,571361,139514
SL,20992247,45010,OŠ Kidričevo,24.43,1998/06/30,1998/06/30,V,561381,140786
SL,20992255,45020,OŠ Cirkovce,33.69,1998/06/30,1998/06/30,V,554631,139834
SL,20992271,69010,OŠ Majšperk,30.65,1998/06/30,1998/06/30,V,555631,134094
SL,20992280,191010,OŠ Žetale,38.08,1998/10/28,1998/10/28,V,560531,126074
SL,20992298,69012,Podružnična šola Stoperce,21.25,1998/06/30,1998/06/30,V,555170,127424
SL,20992301,69011,Podružnična šola Ptujska gora,21,1998/06/30,1998/06/30,V,558571,135144
SL,20992310,18010,OŠ Destrnik-Trno.vas-Vitomarci,34.35,1999/08/23,1999/08/23,V,566201,150654
SL,20992328,18011,Podružnična šola Trnovska vas,22.91,1999/08/23,1999/08/23,V,567081,153234
SL,20992336,153011,Podružnična šola Sveti Andraž,17.65,2004/02/10,2004/02/10,V,571701,154324
SL,20992344,135010,OŠ Videm,30.61,1998/06/30,1998/06/30,V,568740,137075
SL,20992352,172010,OŠ Martina Koreza Podlehnik,46,1998/10/28,1998/10/28,V,566501,133184
SL,20992379,135012,Podružnična šola Leskovec,28.13,1998/06/30,1998/06/30,V,571271,131994
SL,20992387,135011,Podružnična šola Sela,21.11,1998/06/30,1998/06/30,V,562981,136934
SL,20992409,45011,Podru. Š. Lovrenc na Dr. polju,13.28,1998/06/30,1998/06/30,V,559011,137674
SL,20992417,28021,Podružnična šola Zavrč,19.25,1999/08/23,1999/08/23,V,579411,135924
SL,20992450,28010,OŠ Gorišnica,29.13,1998/06/30,1998/06/30,V,577594,142574
SL,20992468,28020,OŠ Cirkulane,32.12,1998/06/30,1998/06/30,V,576521,134244
SL,20992476,42010,OŠ Juršinci,36.21,1998/06/30,1998/06/30,V,574551,149973
SL,20992484,24011,Podružnična šola Polenšak,10.19,1998/06/30,1998/06/30,V,578011,148553
SL,20992492,24010,OŠ Dornava,18.23,1998/06/30,1998/06/30,V,572916,143799
SL,21025291,96999,"sk ok 096010,096020,096030,096011",58.47,2017/12/05,2017/12/05,V,567711,143354
SL,21041084,159999,Skupni ŠO 159010 in 96040,3.93,2008/01/31,2008/01/31,V,565145,139275
SL,21098540,62010,OŠ Ljubno ob Savinji,79.03,1999/02/01,1999/02/01,V,487250,134456
SL,21098582,67010,OŠ Blaža Arniča Luče,110,1999/02/05,1999/02/15,V,483500,138656
SL,21098604,180011,OŠ Solčava,102.31,1999/03/09,1999/03/10,V,476310,142317
SL,21098639,30011,OŠ Bočna,18.69,1999/03/22,1999/03/22,V,487710,127836
SL,21098647,30012,OŠ Nova Štifta,34.06,1999/03/22,1999/03/22,V,482760,126646
SL,21098655,30010,OŠ Frana Kocbeka,37.31,2003/01/27,2003/01/27,V,484990,128506
SL,21098663,83010,OŠ Nazarje,13.17,1999/03/23,1999/03/24,V,496010,127216
SL,21098671,83011,OŠ Šmartno ob Dreti,30.41,1999/03/23,1999/03/24,V,495310,128006
SL,21099279,79010,OŠ Mozirje,24.85,1999/07/26,1999/07/27,V,496705,133149
SL,21099287,79011,OŠ Lepa Njiva,11.64,1999/07/26,1999/07/27,V,499070,135946
SL,21099376,79012,OŠ Rečica ob Savinji,30.09,1999/07/26,1999/07/27,V,493850,133786
SL,21099384,79013,OŠ Šmihel nad Mozirjem,17.06,1999/07/26,1999/07/27,V,496359,136370
SL,21210331,151010,OŠ BRASLOVČE,21.06,1999/03/25,1999/04/08,V,503108,127487
SL,21210340,151012,OŠ Letuš,21.29,1999/03/25,1999/04/08,V,499010,129056
SL,21210358,151011,OŠ Gomilsko,7.91,1999/03/25,1999/04/08,V,503230,123436
SL,21210366,190010,OŠ Griže,18.87,1999/03/25,1999/04/08,V,511910,120055
SL,21210374,190011,OŠ Liboje,15.72,1999/03/25,1999/04/08,V,515680,120385
SL,21210382,190020,OŠ Petrovče,15.33,1999/03/25,1999/04/08,V,514900,124005
SL,21210439,173010,OŠ Polzela,16.57,1999/03/25,1999/04/08,V,506880,125896
SL,21210447,173011,OŠ Andraž,16.89,1999/03/25,1999/04/08,V,505390,131066
SL,21210455,174010,OŠ Prebold,40.69,1999/08/23,1999/08/23,V,506930,122346
SL,21210463,151013,OŠ Trnava,4.63,1999/08/23,1999/08/23,V,505950,124666
SL,21210471,190030,OŠ Šempeter,16.94,1999/03/25,1999/04/08,V,508400,124625
SL,21210480,189010,OŠ Vransko,53.12,1999/03/25,1999/04/08,V,497320,123186
SL,21210498,189011,OŠ Tabor,34.73,1999/03/25,1999/04/08,V,499180,121686
SL,21210501,190040,OŠ Žalec,8.3,1999/03/25,1999/04/08,V,513230,124515
SL,21210510,190041,OŠ Gotovlje,8.22,1999/03/25,1999/04/08,V,511830,124955
SL,21210528,190042,OŠ Ponikva,15.13,1999/03/25,1999/04/08,V,511000,131985
SL,21222003,190031,Osnovna šola Trje,18.59,2002/10/14,2002/10/14,V,513381,127486
SL,21321079,125010,OŠ bratov Letonja,18.11,1999/02/17,1999/02/18,V,501730,133606
SL,21321133,126011,OŠ Bele vode,24.29,1999/02/22,1999/02/22,V,495580,142446
SL,21321150,126012,OŠ Ravne,14.03,1999/02/22,1999/02/22,V,505631,141426
SL,21321176,126021,OŠ Topolšica,11.47,1999/02/22,1999/02/22,V,500130,141816
SL,21321184,126022,OŠ  Zavodnje,19.63,1999/02/22,1999/02/22,V,501631,143486
SL,21329045,133010,OŠ Antona Aškerca,6.3,1999/11/04,1999/11/10,V,507360,135486
SL,21329053,133011,OŠ Pesje,3.17,1999/11/04,1999/11/10,V,506110,136536
SL,21329061,133020,OŠ Gorica,3.77,1999/11/04,1999/11/10,V,510191,135086
SL,21329070,133021,OŠ Vinska Gora,14.77,1999/11/04,1999/11/10,V,513441,134095
SL,21329088,133030,OŠ Gustava Šiliha,2.55,1999/11/04,1999/11/10,V,508480,134816
SL,21329096,133031,OŠ Šentilj,9.74,1999/11/04,1999/11/10,V,508980,132886
SL,21329100,133040,OŠ Livada,0.59,1999/11/04,1999/11/10,V,509181,135896
SL,21329118,133041,OŠ Cirkovce,6.77,1999/11/04,1999/11/10,V,512071,139706
SL,21329126,133042,OŠ Škale,8.47,1999/11/04,1999/11/10,V,507681,138916
SL,21329134,133050,OŠ Mihe Pintarja Toleda,1.62,1999/11/08,1999/11/12,V,508061,136796
SL,21329142,133051,OŠ Plešivec,9.09,1999/11/04,1999/11/10,V,508111,141136
SL,21329169,133060,OŠ Šalek,4.53,1999/11/04,1999/11/10,V,509761,136706
SL,21329177,133061,OŠ Paka,12.7,1999/11/04,1999/11/10,V,512921,136546
SL,21343579,12630,Osnovna šola Šoštanj,26.33,2007/06/04,2007/06/04,V,503710,137786
SL,23933667,138010,OŠ Vodice,20.06,2002/02/15,2002/02/15,V,461029,116417
SL,23933675,138011,OŠp Utik,11.31,2002/02/15,2002/02/15,V,461869,115027
SL,24181995,70992,SK ŠO 070010 070011,49.67,2009/10/26,2009/10/26,V,547698,160211
SL,24182029,70999,SK ŠO 070020 070030,3.59,2009/09/03,2009/09/03,V,548532,158775
SL,24182037,70998,SK ŠO 070040 070050 070051,13.69,2009/09/03,2009/09/03,V,550672,159564
SL,24182045,70060,OŠ Malečnik,17.02,2009/09/03,2009/09/03,V,554945,157120
SL,24182053,70997,SK ŠO 070070 070080 070081 070090,15.51,2009/09/03,2009/09/03,V,551872,156324
SL,24182061,70996,SK ŠO 070100 070110,6.17,2009/09/03,2009/09/03,V,551822,154284
SL,24182070,70995,SK ŠO 070120 070130 070140 070141,10.07,2009/09/03,2009/09/03,V,549042,155895
SL,24182088,70200,OŠ Rada Robiča,19.12,2009/09/03,2009/09/03,V,543632,155735
SL,24182096,70993,SK ŠO 070170 070180 070190,8.65,2009/09/03,2009/09/03,V,546432,154896
SL,24182100,70994,SK ŠO 070150 070160,3.99,2009/09/03,2009/09/03,V,547272,157745
SL,24206742,11999,SK ŠO 011010 011020,0.05,2017/10/25,2017/11/02,V,519664,122157
SL,24207366,11998,SK ŠO 011010 011030,0.03,2017/10/25,2017/11/02,V,520437,121454
SL,24207749,11997,SK ŠO 011010 011050,4.87,2017/10/25,2017/11/02,V,522150,120495
SL,24207757,11996,SK ŠO 011020 011080,0.05,2017/10/25,2017/11/02,V,518800,121935
SL,24207765,11995,SK ŠO 011020 011030,0.12,2017/10/25,2017/11/02,V,519500,121565
SL,24207773,11994,SK ŠO 011030 011050,0.1,2017/10/25,2017/11/02,V,520490,120375
SL,24207781,11993,SK ŠO 011040 011060,0.17,2017/10/25,2017/11/02,V,520453,122881
SL,24207790,11992,SK ŠO 011070 011060,0.47,2017/10/25,2017/11/02,V,521400,123165
SL,24207803,11991,SK ŠO 011070 011090,2.97,2017/10/25,2017/11/02,V,522620,125485
SL,24207811,11990,SK ŠO 011080 011060,0.15,2017/10/25,2017/11/02,V,519840,124135
